time_stamp,sensor_index,humidity_a,humidity_b,temperature_a,temperature_b,pressure_a,pressure_b,pm2.5_cf_1_a,pm2.5_cf_1_b
1720537200,127915,43.833,null,94.0,null,997.413,null,27.708,27.603
1720508400,127915,49.767,null,87.7,null,997.226,null,16.052,15.421
1720602000,127915,58.8,null,88.167,null,987.369,null,0.199,0.336
1720368000,127915,31.733,null,92.633,null,1000.446,null,3.16,2.768
1719316800,127915,39.1,null,86.2,null,996.575,null,5.015,4.522
1719295200,127915,44.8,null,83.733,null,997.456,null,6.441,6.03
1718082000,127915,null,null,null,null,null,null,2.224,1.518
1718287200,127915,35.133,null,85.1,null,998.843,null,3.611,2.845
1718319600,127915,22.834,null,99.767,null,995.724,null,1.616,1.034
1718859600,127915,50.567,null,91.6,null,1007.409,null,22.179,22.359
1720270800,127915,50.067,null,83.034,null,997.802,null,0.303,0.341
1720213200,127915,44.1,null,94.867,null,991.821,null,2.082,1.788
1720170000,127915,68.067,null,84.0,null,994.011,null,11.973,13.495
1719633600,127915,45.0,null,94.4,null,994.04,null,17.079,15.034
1719648000,127915,47.834,null,92.434,null,995.112,null,17.34,16.346
1719028800,127915,42.633,null,91.767,null,1001.936,null,31.646,32.393
1719072000,127915,35.034,null,98.1,null,999.823,null,29.574,30.329
1718521200,127915,38.8,null,79.3,null,1000.485,null,1.708,1.197
1718560800,127915,27.566,null,96.7,null,999.46,null,14.953,13.91
1718568000,127915,23.567,null,100.267,null,998.14,null,15.423,14.151
1718532000,127915,45.334,null,76.1,null,1000.449,null,3.26,2.984
1718406000,127915,30.7,null,98.133,null,995.398,null,4.458,3.774
1719529200,127915,25.5,null,97.867,null,995.21,null,0.239,0.063
1718164800,127915,null,null,null,null,null,null,5.553,5.015
1718172000,127915,null,null,null,null,null,null,7.047,6.265
1718449200,127915,32.233,null,80.341,null,1002.548,null,1.669,1.705
1718416800,127915,39.5,null,88.0,null,997.346,null,5.319,12.146
1718949600,127915,50.0,null,89.2,null,1005.997,null,32.18,33.123
1718629200,127915,46.033,null,91.867,null,1001.376,null,26.173,26.491
1718614800,127915,52.233,null,88.334,null,999.566,null,27.02,27.093
1719208800,127915,46.267,null,86.4,null,994.184,null,0.039,0.01
1719932400,127915,32.4,null,86.566,null,1001.815,null,2.798,2.188
1719385200,127915,42.033,null,88.0,null,994.045,null,1.801,1.135
1719428400,127915,44.367,null,90.6,null,992.492,null,4.63,3.958
1719176400,127915,49.0,null,94.466,null,990.283,null,16.474,16.16
1719104400,127915,35.633,null,97.133,null,994.27,null,19.124,19.111
1719813600,127915,39.733,null,78.566,null,1005.174,null,0.0,0.0
1719831600,127915,41.333,null,76.666,null,1006.729,null,0.84,0.69
1720022400,127915,43.166,null,95.959,null,999.066,null,23.064,21.95
1718794800,127915,55.8,null,89.933,null,1006.13,null,28.915,29.655
1717992000,127915,null,null,null,null,null,null,0.288,0.257
1719748800,127915,58.633,null,86.066,null,1001.56,null,4.561,3.844
1719774000,127915,33.233,null,93.034,null,1002.535,null,0.0,0.0
1719730800,127915,68.0,null,84.9,null,999.443,null,7.364,6.463
1717812000,127915,null,null,null,null,null,null,0.414,0.235
1717848000,127915,null,null,null,null,null,null,7.306,6.262
1717808400,127915,null,null,null,null,null,null,0.053,0.024
1717884000,127915,null,null,null,null,null,null,0.018,0.004
1717916400,127915,null,null,null,null,null,null,2.269,1.409
1717912800,127915,null,null,null,null,null,null,2.102,1.236
1718744400,127915,30.834,null,101.733,null,1002.305,null,16.346,16.43
1720443600,127915,45.406,null,88.117,null,999.654,null,19.937,19.611
1720425600,127915,55.7,null,83.0,null,998.865,null,14.302,14.442
1720101600,127915,58.4,null,89.667,null,998.326,null,6.229,5.924
1720076400,127915,66.666,null,86.666,null,998.119,null,3.255,3.147
1720630800,127915,46.1,null,85.533,null,994.55,null,0.179,0.158
1720504800,127915,48.133,null,88.233,null,997.561,null,12.968,12.686
1720486800,127915,36.434,null,94.434,null,997.662,null,6.204,5.885
1720620000,127915,54.834,null,82.867,null,991.44,null,0.11,0.14
1720371600,127915,29.033,null,94.9,null,1000.388,null,6.123,5.709
1720350000,127915,57.367,null,81.133,null,1000.679,null,34.675,36.797
1720353600,127915,54.966,null,82.966,null,1000.773,null,30.609,32.296
1719338400,127915,33.833,null,95.367,null,996.689,null,9.223,8.738
1719298800,127915,46.0,null,83.566,null,996.988,null,6.988,6.67
1719334800,127915,31.467,null,96.333,null,996.221,null,7.803,7.224
1719356400,127915,39.433,null,94.566,null,993.029,null,7.397,6.387
1718121600,127915,null,null,null,null,null,null,3.932,3.849
1718085600,127915,null,null,null,null,null,null,0.607,0.393
1718265600,127915,46.966,null,77.767,null,997.447,null,12.527,4.774
1718906400,127915,37.0,null,97.533,null,1008.019,null,31.592,32.848
1720274400,127915,46.667,null,84.133,null,997.593,null,0.054,0.049
1720155600,127915,68.833,null,84.9,null,994.144,null,36.9,39.131
1719658800,127915,49.9,null,92.0,null,996.215,null,12.811,10.925
1718546400,127915,33.8,null,85.1,null,1000.819,null,2.073,1.561
1718553600,127915,29.334,null,91.267,null,1000.24,null,4.051,3.375
1718341200,127915,36.5,null,86.066,null,996.983,null,4.481,3.975
1718370000,127915,52.5,null,83.966,null,996.743,null,12.765,10.61
1718402400,127915,29.233,null,102.2,null,995.184,null,6.571,6.038
1719489600,127915,56.233,null,80.534,null,996.574,null,4.992,4.916
1719493200,127915,51.725,null,82.708,null,996.928,null,3.687,3.057
1718200800,127915,36.166,null,80.733,null,1000.587,null,3.542,2.883
1718182800,127915,null,null,null,null,null,null,6.691,5.764
1718157600,127915,null,null,null,null,null,null,3.404,2.982
1719543600,127915,37.966,null,86.934,null,996.877,null,3.154,2.146
1719532800,127915,31.9,null,91.7,null,995.5,null,0.555,0.041
1719540000,127915,36.467,null,88.167,null,996.866,null,2.629,1.555
1717646400,127915,null,null,null,null,null,null,11.556,9.215
1717704000,127915,null,null,null,null,null,null,1.014,0.912
1717693200,127915,null,null,null,null,null,null,0.792,0.685
1717696800,127915,null,null,null,null,null,null,1.147,1.059
1717639200,127915,null,null,null,null,null,null,13.535,10.421
1718478000,127915,17.933,null,94.466,null,1001.479,null,0.0,0.001
1719007200,127915,21.733,null,110.7,null,1001.933,null,23.978,24.73
1718974800,127915,46.8,null,91.834,null,1006.84,null,34.671,35.681
1718985600,127915,32.033,null,97.767,null,1005.973,null,26.513,27.105
1718956800,127915,52.7,null,87.0,null,1005.647,null,32.078,33.115
1718607600,127915,49.333,null,88.934,null,999.007,null,23.046,22.658
1718593200,127915,40.0,null,91.433,null,998.354,null,17.34,16.965
1719248400,127915,32.1,null,91.834,null,997.999,null,7.133,6.818
1719234000,127915,43.934,null,84.033,null,997.806,null,12.147,11.918
1719262800,127915,23.767,null,97.4,null,996.832,null,0.821,0.677
1719961200,127915,26.767,null,103.933,null,997.597,null,7.558,6.672
1719162000,127915,57.6,null,90.834,null,991.543,null,12.169,12.436
1719151200,127915,54.933,null,89.6,null,991.278,null,17.677,17.661
1719140400,127915,46.034,null,90.966,null,992.174,null,18.302,18.081
1719111600,127915,40.1,null,93.9,null,994.49,null,20.316,19.959
1719810000,127915,38.534,null,80.367,null,1004.819,null,0.003,0.001
1719867600,127915,23.134,null,90.567,null,1004.086,null,0.481,0.381
1720044000,127915,53.334,null,92.2,null,997.262,null,10.108,9.976
1720015200,127915,47.9,null,92.633,null,999.212,null,19.044,18.538
1719990000,127915,48.166,null,89.8,null,998.095,null,18.498,17.963
1718769600,127915,46.8,null,93.617,null,1003.343,null,25.588,26.346
1718776800,127915,51.667,null,91.4,null,1003.708,null,27.333,28.048
1717988400,127915,null,null,null,null,null,null,0.133,0.102
1718038800,127915,null,null,null,null,null,null,0.122,0.088
1719752400,127915,54.166,null,87.2,null,1002.437,null,3.024,2.285
1719745200,127915,62.667,null,86.0,null,1001.221,null,6.008,5.416
1719720000,127915,67.0,null,84.566,null,999.875,null,3.44,2.841
1719759600,127915,45.2,null,89.3,null,1002.525,null,0.91,0.229
1717822800,127915,null,null,null,null,null,null,18.596,2.156
1717948800,127915,null,null,null,null,null,null,0.0,0.0
1718740800,127915,31.933,null,101.333,null,1002.681,null,15.966,15.466
1718722800,127915,40.867,null,95.6,null,1003.483,null,25.133,25.145
1718719200,127915,42.733,null,94.0,null,1003.563,null,59.864,24.861
1718730000,127915,35.2,null,99.167,null,1003.542,null,18.858,18.771
1720404000,127915,39.233,null,90.3,null,999.023,null,6.439,6.267
1720418400,127915,50.967,null,84.5,null,999.046,null,17.52,17.114
1720458000,127915,33.466,null,96.733,null,999.484,null,12.496,12.389
1720450800,127915,36.066,null,93.666,null,999.425,null,11.603,11.004
1720072800,127915,67.9,null,86.767,null,998.229,null,2.686,2.688
1720116000,127915,61.334,null,90.433,null,996.407,null,10.425,10.467
1720530000,127915,49.466,null,89.667,null,997.727,null,22.45,22.263
1720627200,127915,47.467,null,84.767,null,993.409,null,0.476,0.568
1720314000,127915,43.334,null,87.767,null,997.802,null,4.231,3.737
1720360800,127915,44.7,null,87.666,null,1000.344,null,15.818,15.724
1720324800,127915,50.133,null,83.9,null,999.487,null,30.978,32.256
1720393200,127915,27.666,null,99.7,null,998.041,null,6.62,6.187
1719327600,127915,32.633,null,92.467,null,996.25,null,15.269,14.143
1718118000,127915,null,null,null,null,null,null,5.008,4.928
1718100000,127915,null,null,null,null,null,null,2.278,1.857
1720497600,127915,43.534,null,89.867,null,997.737,null,8.082,7.654
1718251200,127915,38.567,null,81.0,null,997.518,null,3.248,2.545
1718272800,127915,49.334,null,76.066,null,998.131,null,7.622,6.793
1718877600,127915,55.933,null,88.0,null,1008.218,null,27.631,27.693
1718917200,127915,31.434,null,101.733,null,1006.094,null,36.35,38.032
1720245600,127915,64.467,null,82.1,null,995.109,null,4.404,4.609
1720224000,127915,59.3,null,87.966,null,992.631,null,0.078,0.059
1720231200,127915,64.5,null,84.2,null,993.924,null,14.28,15.784
1720152000,127915,69.3,null,85.834,null,994.463,null,51.103,55.157
1720209600,127915,46.2,null,94.3,null,992.16,null,0.347,0.054
1719662400,127915,49.216,null,92.611,null,996.355,null,10.855,8.956
1719640800,127915,47.0,null,93.4,null,994.289,null,19.05,25.386
1719637200,127915,46.534,null,93.934,null,994.123,null,18.319,16.758
1719057600,127915,47.575,null,90.633,null,1001.649,null,38.758,40.061
1719090000,127915,28.4,null,103.066,null,996.3,null,20.091,19.842
1719039600,127915,48.2,null,89.0,null,1001.644,null,34.422,35.173
1718528400,127915,43.834,null,76.4,null,1000.671,null,2.59,13.48
1718550000,127915,31.167,null,87.934,null,1000.615,null,1.857,1.228
1718575200,127915,20.034,null,109.7,null,997.205,null,12.277,10.901
1718557200,127915,28.6,null,93.966,null,1000.029,null,6.662,6.214
1718506800,127915,30.633,null,84.534,null,1000.385,null,1.192,0.823
1718344800,127915,38.0,null,86.0,null,997.081,null,3.406,2.684
1718380800,127915,41.534,null,90.1,null,996.461,null,12.41,10.008
1719482400,127915,62.1,null,78.0,null,995.365,null,2.973,2.777
1718226000,127915,21.0,null,93.466,null,997.555,null,0.639,0.06
1718179200,127915,null,null,null,null,null,null,8.216,6.962
1718204400,127915,26.866,null,83.3,null,1000.308,null,0.761,0.412
1719583200,127915,38.133,null,87.867,null,997.887,null,7.995,6.981
1719568800,127915,45.166,null,80.733,null,997.41,null,4.473,3.983
1717675200,127915,null,null,null,null,null,null,5.84,5.263
1717660800,127915,null,null,null,null,null,null,9.242,7.926
1718409600,127915,35.433,null,92.133,null,995.912,null,2.046,1.407
1718960400,127915,53.833,null,86.834,null,1006.05,null,34.296,35.216
1718928000,127915,35.867,null,98.466,null,1005.467,null,36.404,37.792
1718582400,127915,29.7,null,97.434,null,997.234,null,15.254,14.21
1718618400,127915,53.133,null,87.467,null,1000.053,null,25.727,25.995
1718625600,127915,47.375,null,90.4,null,1001.045,null,24.119,24.122
1719230400,127915,46.0,null,82.3,null,997.401,null,8.092,8.091
1719255600,127915,25.967,null,95.567,null,997.378,null,1.913,1.7
1719205200,127915,48.733,null,86.733,null,993.666,null,0.115,0.04
1719266400,127915,22.9,null,100.3,null,996.697,null,0.104,0.051
1719882000,127915,26.233,null,86.333,null,1003.21,null,2.002,1.716
1719921600,127915,38.8,null,77.9,null,1002.642,null,3.7,3.623
1719914400,127915,44.467,null,74.0,null,1002.728,null,1.111,1.124
1719374400,127915,39.8,null,87.8,null,994.887,null,0.495,0.304
1719432000,127915,42.3,null,91.767,null,992.139,null,5.075,4.51
1719403200,127915,56.5,null,84.433,null,995.032,null,5.822,5.43
1719115200,127915,41.6,null,93.4,null,994.279,null,21.582,21.624
1719853200,127915,25.933,null,84.7,null,1006.189,null,0.431,0.501
1719871200,127915,21.1,null,94.566,null,1003.532,null,0.845,0.63
1719806400,127915,36.4,null,81.9,null,1004.419,null,0.0,0.0
1719968400,127915,37.433,null,95.433,null,997.342,null,13.071,11.591
1718802000,127915,49.433,null,91.7,null,1007.148,null,27.887,27.94
1718830800,127915,36.867,null,100.733,null,1005.861,null,30.685,31.285
1717995600,127915,null,null,null,null,null,null,0.146,0.071
1717977600,127915,null,null,null,null,null,null,0.0,0.0
1717876800,127915,null,null,null,null,null,null,0.149,0.014
1717837200,127915,null,null,null,null,null,null,4.252,3.361
1717941600,127915,null,null,null,null,null,null,0.0,0.009
1720465200,127915,32.034,null,98.8,null,998.488,null,10.506,10.25
1720087200,127915,67.133,null,85.9,null,997.409,null,6.383,6.237
1720098000,127915,59.867,null,89.133,null,997.76,null,6.425,6.02
1720080000,127915,68.233,null,86.0,null,997.989,null,3.924,3.727
1720598400,127915,60.233,null,88.733,null,987.591,null,0.883,0.933
1720616400,127915,56.733,null,83.0,null,990.337,null,0.382,0.372
1720638000,127915,39.7,null,89.233,null,995.367,null,1.514,1.55
1720382400,127915,27.1,null,97.733,null,998.81,null,5.794,5.604
1719349200,127915,34.034,null,98.767,null,993.64,null,7.144,6.827
1719306000,127915,48.0,null,82.867,null,996.223,null,7.986,7.365
1719302400,127915,47.066,null,82.966,null,996.815,null,7.316,6.878
1719342000,127915,36.7,null,95.833,null,995.962,null,6.819,6.154
1718114400,127915,null,null,null,null,null,null,8.883,8.443
1718074800,127915,null,null,null,null,null,null,0.555,0.4
1718240400,127915,29.166,null,85.166,null,997.085,null,1.281,0.81
1718254800,127915,41.325,null,80.034,null,997.608,null,8.37,3.939
1718283600,127915,40.966,null,82.2,null,998.679,null,9.399,8.882
1720580400,127915,56.7,null,91.0,null,987.914,null,12.536,12.05
1718913600,127915,32.8,null,101.0,null,1006.77,null,37.097,38.514
1718874000,127915,56.033,null,88.1,null,1007.954,null,25.92,26.26
1720285200,127915,36.867,null,90.133,null,998.483,null,0.141,0.05
1720252800,127915,60.867,null,81.3,null,995.53,null,2.806,2.862
1720173600,127915,67.166,null,84.133,null,994.148,null,14.898,15.822
1719064800,127915,39.466,null,95.1,null,1000.806,null,35.232,36.19
1719036000,127915,47.1,null,89.567,null,1001.592,null,34.364,35.058
1719018000,127915,35.034,null,96.534,null,1001.779,null,25.213,25.398
1717797600,127915,null,null,null,null,null,null,0.0,0.123
1718571600,127915,24.166,null,100.934,null,997.535,null,16.45,14.89
1718359200,127915,59.633,null,80.534,null,996.028,null,8.093,7.117
1719450000,127915,60.4,null,85.066,null,993.409,null,0.175,0.081
1719471600,127915,61.933,null,80.367,null,994.401,null,0.946,0.67
1719507600,127915,31.134,null,91.467,null,996.88,null,1.23,0.452
1719525600,127915,21.367,null,104.2,null,995.253,null,0.291,0.157
1719460800,127915,62.934,null,82.433,null,994.037,null,4.122,4.203
1718161200,127915,null,null,null,null,null,null,4.393,4.11
1718229600,127915,16.3,null,103.767,null,997.36,null,0.306,0.037
1717686000,127915,null,null,null,null,null,null,1.538,1.458
1717668000,127915,null,null,null,null,null,null,13.445,11.032
1717707600,127915,null,null,null,null,null,null,1.75,1.51
1718474400,127915,17.3,null,93.0,null,1001.644,null,0.0,0.0
1718467200,127915,20.5,null,88.867,null,1002.706,null,0.0,0.0
1718964000,127915,53.933,null,86.6,null,1006.523,null,33.358,35.049
1718989200,127915,30.834,null,99.767,null,1005.463,null,25.607,26.181
1718604000,127915,46.666,null,89.7,null,998.784,null,20.363,19.886
1718611200,127915,51.567,null,88.2,null,999.241,null,24.721,24.813
1718647200,127915,33.2,null,101.216,null,1000.201,null,26.218,26.697
1719187200,127915,40.2,null,93.7,null,990.75,null,0.0,0.0
1719201600,127915,48.3,null,87.466,null,993.072,null,0.098,0.034
1719918000,127915,42.2,null,75.934,null,1002.658,null,5.674,5.641
1719907200,127915,42.3,null,76.0,null,1002.418,null,1.726,1.808
1719399600,127915,51.267,null,85.233,null,994.885,null,5.296,4.466
1719414000,127915,52.7,null,88.6,null,993.573,null,6.835,5.887
1720522800,127915,53.367,null,87.333,null,997.407,null,21.29,21.195
1719838800,127915,37.3,null,78.666,null,1007.67,null,5.879,5.492
1719824400,127915,42.234,null,76.333,null,1005.655,null,0.064,0.087
1719997200,127915,50.334,null,89.0,null,997.828,null,18.01,17.893
1720029600,127915,40.5,null,98.567,null,998.36,null,19.686,19.089
1717999200,127915,null,null,null,null,null,null,3.947,0.221
1718046000,127915,null,null,null,null,null,null,0.108,0.084
1718024400,127915,null,null,null,null,null,null,0.127,0.078
1719709200,127915,66.033,null,85.966,null,998.482,null,0.183,0.025
1719777600,127915,32.434,null,93.067,null,1002.038,null,0.016,0.003
1717956000,127915,null,null,null,null,null,null,0.0,0.0
1717894800,127915,null,null,null,null,null,null,0.392,0.098
1720436400,127915,54.067,null,84.267,null,999.433,null,28.983,29.428
1720468800,127915,30.2,null,100.433,null,997.639,null,7.8,7.743
1720396800,127915,33.166,null,94.7,null,998.035,null,6.339,5.92
1720130400,127915,45.367,null,98.767,null,993.225,null,5.205,4.678
1720573200,127915,62.8,null,89.534,null,989.377,null,10.558,10.457
1720555200,127915,48.166,null,95.933,null,993.63,null,27.148,27.966
1720594800,127915,63.459,null,89.258,null,988.082,null,0.939,1.396
1720519200,127915,53.166,null,87.5,null,997.516,null,21.633,21.901
1720342800,127915,57.767,null,80.8,null,999.732,null,29.23,30.726
1719309600,127915,47.666,null,82.067,null,997.014,null,8.873,8.261
1718089200,127915,null,null,null,null,null,null,1.16,4.319
1720591200,127915,67.5,null,88.667,null,988.605,null,1.907,2.101
1718308800,127915,22.8,null,95.934,null,996.37,null,0.752,0.127
1718280000,127915,45.0,null,79.466,null,998.734,null,12.866,11.405
1718244000,127915,33.3,null,83.4,null,997.548,null,2.292,1.882
1718305200,127915,24.9,null,95.1,null,996.686,null,5.474,4.223
1718236800,127915,26.633,null,88.1,null,997.245,null,0.198,0.171
1718848800,127915,46.5,null,94.533,null,1006.917,null,21.468,21.703
1718899200,127915,39.666,null,95.367,null,1008.877,null,24.471,24.77
1720281600,127915,41.334,null,88.066,null,998.39,null,0.139,0.153
1720227600,127915,63.266,null,85.7,null,992.907,null,1.066,1.202
1720278000,127915,44.334,null,86.1,null,998.146,null,0.112,0.195
1720249200,127915,61.566,null,81.934,null,995.163,null,2.846,2.673
1720306800,127915,29.634,null,98.367,null,997.256,null,0.867,0.738
1720148400,127915,69.733,null,87.3,null,994.511,null,110.905,120.224
1719698400,127915,52.9,null,95.466,null,998.188,null,15.873,14.7
1719622800,127915,39.9,null,96.066,null,993.744,null,7.838,6.409
1719694800,127915,47.067,null,96.0,null,997.289,null,15.471,13.221
1719669600,127915,48.939,null,93.656,null,997.561,null,14.253,12.522
1719684000,127915,49.6,null,95.267,null,998.256,null,23.069,21.543
1719025200,127915,39.466,null,93.3,null,1001.923,null,29.881,30.571
1719021600,127915,36.933,null,95.0,null,1001.991,null,28.316,28.757
1717740000,127915,null,null,null,null,null,null,0.0,0.0
1717768800,127915,null,null,null,null,null,null,0.0,0.0
1718373600,127915,46.767,null,86.6,null,996.534,null,12.95,11.3
1718398800,127915,36.466,null,95.834,null,995.282,null,9.45,8.255
1718388000,127915,40.233,null,92.6,null,996.195,null,16.608,14.017
1719500400,127915,39.2,null,87.1,null,996.856,null,5.125,4.286
1718154000,127915,null,null,null,null,null,null,1.842,1.399
1718150400,127915,null,null,null,null,null,null,0.767,0.607
1719550800,127915,40.933,null,84.4,null,996.999,null,2.052,1.385
1717653600,127915,null,null,null,null,null,null,10.976,8.655
1718442000,127915,35.867,null,80.867,null,1000.569,null,0.601,0.504
1718424000,127915,30.5,null,87.534,null,998.362,null,1.153,0.769
1718488800,127915,13.334,null,105.534,null,1000.683,null,0.004,0.0
1718600400,127915,44.0,null,90.166,null,998.602,null,20.369,19.845
1718640000,127915,38.706,null,98.267,null,1001.473,null,29.991,30.364
1719219600,127915,44.567,null,81.767,null,995.54,null,2.752,2.589
1719878400,127915,24.666,null,88.1,null,1002.997,null,1.338,1.051
1719378000,127915,41.733,null,87.934,null,994.784,null,1.613,1.014
1719172800,127915,52.433,null,93.5,null,990.643,null,17.306,16.648
1719154800,127915,53.7,null,90.9,null,991.072,null,11.692,11.631
1719100800,127915,31.867,null,100.067,null,994.871,null,18.266,18.437
1720558800,127915,43.1,null,97.4,null,992.572,null,17.411,18.288
1719860400,127915,24.0,null,88.683,null,1005.167,null,0.393,0.269
1719802800,127915,35.6,null,83.067,null,1004.3,null,0.139,0.0
1720008000,127915,49.966,null,89.6,null,999.271,null,16.453,16.125
1720047600,127915,77.9,null,86.834,null,997.886,null,8.921,8.983
1718834400,127915,33.2,null,103.9,null,1005.785,null,25.873,26.791
1718766000,127915,44.633,null,94.966,null,1003.124,null,24.634,25.029
1718017200,127915,null,null,null,null,null,null,0.067,0.046
1717984800,127915,null,null,null,null,null,null,0.252,0.121
1719716400,127915,64.1,null,86.0,null,999.749,null,12.211,11.803
1719712800,127915,65.434,null,86.0,null,999.135,null,49.782,50.893
1717819200,127915,null,null,null,null,null,null,1.902,4.988
1717880400,127915,null,null,null,null,null,null,0.166,0.022
1717869600,127915,null,null,null,null,null,null,0.166,0.038
1717909200,127915,null,null,null,null,null,null,1.426,0.907
1717923600,127915,null,null,null,null,null,null,3.371,2.533
1718708400,127915,50.0,null,91.0,null,1002.85,null,21.24,22.56
1720407600,127915,41.7,null,88.833,null,999.205,null,7.901,7.728
1720400400,127915,35.367,null,92.367,null,998.245,null,6.155,5.636
1720533600,127915,47.166,null,91.466,null,997.631,null,21.802,21.663
1719280800,127915,35.0,null,88.2,null,996.776,null,1.492,1.132
1719291600,127915,43.2,null,84.733,null,997.527,null,6.191,5.64
1718067600,127915,null,null,null,null,null,null,0.0,0.003
1718064000,127915,null,null,null,null,null,null,0.0,0.0
1718276400,127915,48.034,null,77.2,null,998.571,null,12.322,11.796
1718920800,127915,31.067,null,102.1,null,1005.514,null,40.594,42.249
1718902800,127915,38.0,null,96.834,null,1008.638,null,25.445,25.889
1718863200,127915,53.334,null,90.066,null,1007.471,null,24.538,24.625
1720288800,127915,34.534,null,91.666,null,998.067,null,0.238,0.05
1720303200,127915,25.534,null,103.9,null,997.393,null,0.463,0.262
1720260000,127915,60.633,null,80.2,null,996.611,null,3.342,3.259
1720195200,127915,70.4,null,85.4,null,993.93,null,10.604,11.127
1720206000,127915,47.975,null,93.883,null,992.264,null,1.583,1.166
1719651600,127915,48.433,null,92.0,null,995.411,null,16.029,14.085
1719673200,127915,47.4,null,95.5,null,997.779,null,17.459,15.686
1719014400,127915,31.6,null,99.633,null,1001.714,null,25.401,26.002
1719093600,127915,23.9,null,109.467,null,995.774,null,18.63,18.77
1717743600,127915,null,null,null,null,null,null,0.002,0.075
1717765200,127915,null,null,null,null,null,null,0.0,0.0
1718539200,127915,38.266,null,80.9,null,1000.85,null,3.218,2.986
1719518400,127915,27.1,null,95.2,null,995.966,null,0.591,0.14
1718190000,127915,null,null,null,null,null,null,6.497,5.726
1719601200,127915,29.866,null,99.1,null,994.629,null,3.006,2.601
1719558000,127915,41.1,null,83.534,null,996.618,null,2.196,1.548
1719536400,127915,34.267,null,89.434,null,996.1,null,1.19,0.463
1717650000,127915,null,null,null,null,null,null,10.486,8.611
1717671600,127915,null,null,null,null,null,null,7.909,22.2
1718485200,127915,17.034,null,96.0,null,1000.765,null,0.011,0.0
1718460000,127915,24.3,null,84.466,null,1003.288,null,0.002,0.0
1718492400,127915,15.733,null,98.1,null,1000.537,null,0.0,0.004
1718481600,127915,17.6,null,95.633,null,1001.135,null,0.007,0.001
1718470800,127915,18.267,null,91.1,null,1002.291,null,0.0,0.029
1718935200,127915,41.066,null,94.267,null,1006.215,null,28.038,28.848
1718967600,127915,53.534,null,87.267,null,1006.832,null,34.648,35.425
1718992800,127915,29.367,null,101.067,null,1004.527,null,28.956,29.385
1718622000,127915,50.733,null,88.767,null,1000.525,null,24.605,24.218
1719270000,127915,26.0,null,97.316,null,996.443,null,0.058,0.019
1720634400,127915,43.1,null,86.834,null,995.154,null,0.223,0.322
1719946800,127915,24.434,null,96.633,null,999.495,null,0.537,0.362
1719367200,127915,37.7,null,90.1,null,994.111,null,1.137,0.709
1719417600,127915,46.767,null,90.034,null,993.342,null,8.137,7.324
1719388800,127915,41.633,null,87.466,null,994.307,null,0.319,0.16
1719421200,127915,44.834,null,90.133,null,993.139,null,5.746,4.856
1719370800,127915,38.834,null,88.833,null,994.861,null,0.75,0.483
1719147600,127915,54.5,null,89.0,null,991.619,null,18.561,18.865
1719817200,127915,40.1,null,77.934,null,1005.35,null,0.015,0.007
1719986400,127915,46.166,null,90.4,null,998.216,null,17.572,16.952
1718827200,127915,39.966,null,99.4,null,1005.958,null,33.38,34.292
1718762400,127915,43.267,null,95.467,null,1002.906,null,22.982,23.114
1718028000,127915,null,null,null,null,null,null,2.673,2.9
1717981200,127915,null,null,null,null,null,null,0.641,0.45
1717830000,127915,null,null,null,null,null,null,4.195,3.304
1717952400,127915,null,null,null,null,null,null,0.0,0.0
1718726400,127915,37.758,null,97.666,null,1003.497,null,21.249,21.459
1718733600,127915,31.834,null,101.0,null,1003.337,null,17.793,17.2
1718737200,127915,32.3,null,100.6,null,1003.018,null,20.424,20.099
1720476000,127915,27.566,null,104.667,null,997.293,null,7.755,7.455
1720051200,127915,75.633,null,87.633,null,997.63,null,7.312,7.324
1720126800,127915,54.267,null,93.633,null,993.76,null,7.209,6.819
1720112400,127915,67.433,null,88.133,null,997.431,null,17.276,17.55
1720065600,127915,67.225,null,87.758,null,998.744,null,7.476,7.066
1720490400,127915,38.6,null,92.7,null,998.029,null,5.59,5.262
1720483200,127915,33.7,null,96.833,null,997.505,null,6.112,5.585
1720332000,127915,53.834,null,82.033,null,999.501,null,33.617,35.434
1720378800,127915,28.534,null,96.034,null,999.354,null,6.506,6.396
1720317600,127915,44.666,null,86.9,null,998.535,null,6.175,5.932
1720321200,127915,47.0,null,85.2,null,998.993,null,27.252,28.144
1720335600,127915,55.8,null,81.4,null,999.617,null,33.867,36.119
1719288000,127915,40.633,null,85.534,null,997.041,null,4.751,4.072
1719324000,127915,33.267,null,90.3,null,995.766,null,3.88,3.052
1719331200,127915,31.066,null,94.9,null,996.139,null,4.04,3.385
1718247600,127915,35.933,null,82.133,null,997.653,null,2.07,1.56
1718290800,127915,31.067,null,87.5,null,998.788,null,2.364,1.585
1718841600,127915,41.533,null,97.034,null,1005.725,null,26.448,26.709
1718856000,127915,48.466,null,92.534,null,1007.316,null,21.097,21.002
1718866800,127915,53.567,null,89.9,null,1007.557,null,24.206,24.537
1718888400,127915,46.911,null,92.667,null,1008.827,null,27.973,28.691
1720263600,127915,59.2,null,80.8,null,997.123,null,3.19,3.376
1720296000,127915,33.8,null,93.833,null,997.716,null,0.78,0.332
1720188000,127915,63.267,null,86.133,null,994.776,null,10.116,10.983
1719676800,127915,47.034,null,95.883,null,998.029,null,17.774,16.566
1719691200,127915,48.5,null,94.1,null,997.464,null,5.142,4.663
1719644400,127915,47.0,null,93.0,null,994.648,null,18.691,17.286
1719097200,127915,26.0,null,105.7,null,995.257,null,18.184,18.231
1719032400,127915,44.9,null,90.733,null,1001.842,null,32.912,33.374
1717758000,127915,null,null,null,null,null,null,0.004,0.0
1717747200,127915,null,null,null,null,null,null,0.084,0.221
1717761600,127915,null,null,null,null,null,null,0.005,7.191
1717718400,127915,null,null,null,null,null,null,0.0,0.0
1718514000,127915,33.433,null,82.633,null,1000.269,null,3.493,3.029
1718564400,127915,24.8,null,98.8,null,998.741,null,14.777,13.704
1718535600,127915,43.4,null,78.067,null,1000.605,null,3.589,3.603
1718377200,127915,43.6,null,88.566,null,996.422,null,15.689,13.541
1718348400,127915,49.033,null,83.5,null,996.425,null,4.836,4.504
1719511200,127915,29.5,null,93.233,null,996.572,null,1.981,1.21
1719478800,127915,62.066,null,78.367,null,994.78,null,84.019,2.654
1719608400,127915,30.633,null,100.633,null,993.986,null,3.703,3.299
1719586800,127915,34.6,null,90.933,null,997.187,null,6.477,5.636
1719561600,127915,42.067,null,82.333,null,996.799,null,3.841,3.22
1719554400,127915,41.066,null,84.0,null,996.788,null,2.096,1.582
1717711200,127915,null,null,null,null,null,null,0.0,0.0
1718438400,127915,35.067,null,82.833,null,1000.075,null,1.27,0.82
1719360000,127915,35.267,null,92.6,null,993.001,null,1.098,0.503
1719183600,127915,38.767,null,96.6,null,990.426,null,0.524,0.422
1719129600,127915,43.9,null,91.633,null,992.247,null,21.757,21.623
1719864000,127915,23.034,null,89.867,null,1004.468,null,0.282,0.245
1719849600,127915,29.2,null,82.633,null,1006.834,null,2.14,2.076
1719993600,127915,49.933,null,89.034,null,997.749,null,18.494,18.242
1719975600,127915,42.334,null,91.1,null,998.566,null,11.325,10.059
1718773200,127915,49.325,null,92.425,null,1003.712,null,26.554,26.982
1718812800,127915,46.267,null,96.0,null,1007.128,null,37.05,38.444
1718006400,127915,null,null,null,null,null,null,0.469,19.161
1718060400,127915,null,null,null,null,null,null,0.004,0.0
1719770400,127915,34.9,null,93.066,null,1002.529,null,0.002,0.0
1719741600,127915,66.7,null,85.966,null,1000.367,null,12.834,10.807
1717866000,127915,null,null,null,null,null,null,0.272,0.148
1717844400,127915,null,null,null,null,null,null,6.581,5.41
1717855200,127915,null,null,null,null,null,null,2.188,1.569
1717974000,127915,null,null,null,null,null,null,0.0,0.0
1717898400,127915,null,null,null,null,null,null,0.549,0.21
1717963200,127915,null,null,null,null,null,null,0.0,0.0
1720447200,127915,40.561,null,91.061,null,999.65,null,11.486,11.041
1720123200,127915,59.733,null,91.267,null,994.329,null,16.392,16.878
1720083600,127915,66.934,null,85.867,null,997.926,null,4.855,4.781
1720605600,127915,58.633,null,86.666,null,987.397,null,0.606,0.637
1720544400,127915,57.233,null,90.8,null,996.925,null,26.306,26.863
1720612800,127915,57.133,null,83.233,null,988.726,null,0.234,0.267
1720339200,127915,57.367,null,80.633,null,999.663,null,29.91,31.618
1719273600,127915,30.834,null,91.9,null,996.199,null,0.095,0.034
1718110800,127915,null,null,null,null,null,null,10.258,10.058
1718103600,127915,null,null,null,null,null,null,4.295,3.949
1718132400,127915,null,null,null,null,null,null,2.855,2.098
1718071200,127915,null,null,null,null,null,null,0.277,0.138
1718128800,127915,null,null,null,null,null,null,2.143,1.405
1718139600,127915,null,null,null,null,null,null,1.276,0.398
1720501200,127915,45.533,null,88.666,null,997.839,null,9.163,9.022
1718884800,127915,51.367,null,90.434,null,1008.725,null,26.563,26.846
1720566000,127915,41.133,null,99.2,null,990.607,null,17.051,17.114
1720198800,127915,58.867,null,89.1,null,993.413,null,3.531,3.692
1720180800,127915,62.633,null,84.967,null,993.979,null,15.424,16.542
1720177200,127915,65.133,null,84.0,null,994.025,null,12.644,13.749
1720137600,127915,53.267,null,92.967,null,992.764,null,11.143,10.047
1720184400,127915,59.4,null,86.9,null,994.14,null,12.248,12.563
1720162800,127915,67.066,null,84.0,null,993.638,null,6.893,7.242
1719619200,127915,36.066,null,98.4,null,993.756,null,5.602,5.081
1719626400,127915,41.3,null,95.6,null,994.236,null,9.175,7.621
1719666000,127915,48.995,null,93.0,null,996.948,null,11.401,9.68
1719630000,127915,43.4,null,95.0,null,994.276,null,12.297,9.958
1719086400,127915,27.966,null,103.133,null,996.928,null,20.334,20.196
1719050400,127915,51.967,null,87.767,null,1002.183,null,37.553,39.05
1717732800,127915,null,null,null,null,null,null,0.043,0.015
1717729200,127915,null,null,null,null,null,null,0.035,0.022
1717790400,127915,null,null,null,null,null,null,0.313,0.283
1718330400,127915,33.133,null,88.333,null,995.793,null,2.249,1.734
1718384400,127915,40.267,null,91.0,null,996.333,null,18.415,16.155
1719514800,127915,28.233,null,94.466,null,996.257,null,1.679,1.182
1719453600,127915,63.4,null,83.633,null,994.005,null,0.476,0.306
1718215200,127915,22.0,null,89.633,null,998.937,null,3.216,2.332
1718168400,127915,null,null,null,null,null,null,5.857,5.095
1718197200,127915,41.966,null,78.334,null,1000.673,null,6.513,5.748
1718211600,127915,23.166,null,87.666,null,999.303,null,2.478,1.864
1719572400,127915,43.9,null,81.666,null,997.885,null,5.243,4.944
1719590400,127915,32.166,null,93.4,null,996.665,null,6.288,5.497
1717714800,127915,null,null,null,null,null,null,0.0,0.0
1717642800,127915,null,null,null,null,null,null,11.201,9.05
1718452800,127915,29.367,null,81.666,null,1002.934,null,1.748,1.799
1718456400,127915,26.967,null,82.767,null,1003.174,null,0.068,0.035
1719003600,127915,25.966,null,104.0,null,1002.449,null,24.691,25.148
1718931600,127915,39.434,null,95.7,null,1005.707,null,30.826,31.576
1718632800,127915,44.666,null,93.6,null,1001.501,null,28.261,28.2
1718643600,127915,36.5,null,99.8,null,1001.01,null,29.39,29.84
1719244800,127915,34.466,null,90.034,null,997.98,null,6.619,6.059
1719241200,127915,37.633,null,87.9,null,998.031,null,6.96,6.615
1719936000,127915,29.189,null,90.097,null,1001.339,null,17.575,15.541
1719910800,127915,42.6,null,75.534,null,1002.583,null,1.759,1.651
1719939600,127915,26.666,null,92.784,null,1000.669,null,1.132,0.537
1719892800,127915,30.5,null,82.666,null,1003.011,null,2.375,2.142
1719950400,127915,25.2,null,98.2,null,999.093,null,0.421,0.303
1719889200,127915,28.666,null,84.0,null,1003.091,null,1.088,0.984
1719392400,127915,44.466,null,86.834,null,993.948,null,0.978,0.384
1719381600,127915,43.133,null,87.267,null,994.304,null,1.107,0.71
1719406800,127915,59.666,null,85.034,null,994.069,null,10.191,9.561
1719835200,127915,39.534,null,77.216,null,1007.391,null,1.415,1.449
1719842400,127915,35.666,null,79.433,null,1007.638,null,0.056,0.059
1719972000,127915,39.666,null,92.933,null,998.11,null,9.622,8.393
1720033200,127915,39.267,null,99.966,null,997.54,null,23.697,23.158
1720011600,127915,49.133,null,90.8,null,999.179,null,17.709,16.873
1718784000,127915,53.666,null,90.833,null,1003.989,null,28.336,28.809
1718780400,127915,53.2,null,91.0,null,1003.62,null,28.445,28.721
1718787600,127915,54.367,null,90.3,null,1004.649,null,29.002,29.273
1718020800,127915,null,null,null,null,null,null,1.004,0.978
1719763200,127915,40.567,null,90.5,null,1002.913,null,0.059,0.005
1719784800,127915,23.3,null,100.9,null,1002.048,null,0.0,0.0
1719727200,127915,67.4,null,84.834,null,999.296,null,5.214,4.637
1717804800,127915,null,null,null,null,null,null,0.001,0.005
1717840800,127915,null,null,null,null,null,null,4.181,3.285
1717851600,127915,null,null,null,null,null,null,7.155,5.923
1717930800,127915,null,null,null,null,null,null,1.097,0.838
1717938000,127915,null,null,null,null,null,null,0.022,0.001
1717920000,127915,null,null,null,null,null,null,2.846,2.171
1717927200,127915,null,null,null,null,null,null,2.401,1.846
1720440000,127915,50.867,null,86.1,null,999.659,null,22.335,22.309
1720479600,127915,26.6,null,104.067,null,997.337,null,6.431,6.101
1720461600,127915,31.666,null,98.466,null,998.789,null,11.957,11.867
1720414800,127915,47.666,null,85.7,null,999.136,null,12.818,12.782
1720094400,127915,63.067,null,87.267,null,997.582,null,5.305,4.961
1720134000,127915,47.4,null,96.3,null,992.9,null,6.74,6.4
1720119600,127915,60.734,null,90.034,null,995.386,null,12.279,12.277
1720576800,127915,59.6,null,90.6,null,988.693,null,14.485,14.049
1720540800,127915,42.9,null,94.566,null,996.861,null,29.738,30.005
1720494000,127915,41.166,null,91.2,null,997.843,null,6.178,5.768
1720389600,127915,26.0,null,100.767,null,998.185,null,6.362,6.198
1719352800,127915,36.966,null,97.1,null,993.589,null,8.343,7.667
1719313200,127915,44.367,null,84.5,null,996.997,null,8.403,7.549
1719345600,127915,36.434,null,96.8,null,994.658,null,5.837,5.037
1718096400,127915,null,null,null,null,null,null,2.292,1.901
1718125200,127915,null,null,null,null,null,null,3.67,3.102
1718107200,127915,null,null,null,null,null,null,5.331,4.575
1718092800,127915,null,null,null,null,null,null,2.196,1.643
1718146800,127915,null,null,null,null,null,null,0.364,0.196
1718078400,127915,null,null,null,null,null,null,2.24,1.552
1718294400,127915,28.0,null,90.133,null,998.049,null,3.799,3.079
1718301600,127915,26.467,null,93.7,null,997.075,null,3.317,2.272
1718269200,127915,48.267,null,76.934,null,997.768,null,5.856,5.202
1718312400,127915,23.767,null,96.566,null,995.989,null,1.211,0.637
1718924400,127915,33.034,null,100.966,null,1005.408,null,40.963,42.672
1718892000,127915,43.1,null,93.167,null,1008.978,null,21.794,21.544
1718852400,127915,47.033,null,93.566,null,1007.225,null,21.32,21.4
1720234800,127915,63.867,null,84.4,null,994.644,null,24.416,26.5
1720292400,127915,33.367,null,93.466,null,997.873,null,0.348,0.151
1720609200,127915,57.434,null,85.0,null,987.867,null,0.508,0.539
1719687600,127915,51.0,null,93.233,null,998.347,null,12.173,11.133
1719680400,127915,47.034,null,95.6,null,998.041,null,21.883,20.289
1719046800,127915,51.166,null,87.633,null,1001.998,null,36.451,37.616
1719043200,127915,49.667,null,88.267,null,1001.895,null,35.052,36.043
1717794000,127915,null,null,null,null,null,null,0.003,0.0
1717772400,127915,null,null,null,null,null,null,0.0,0.0
1717750800,127915,null,null,null,null,null,null,0.0,0.018
1717779600,127915,null,null,null,null,null,null,0.053,0.052
1718578800,127915,22.9,null,103.933,null,997.159,null,11.769,10.464
1718524800,127915,41.333,null,77.834,null,1000.372,null,1.889,1.819
1718323200,127915,28.166,null,93.3,null,995.366,null,1.47,0.723
1719468000,127915,62.6,null,80.2,null,994.303,null,0.56,0.468
1719522000,127915,26.367,null,95.867,null,995.47,null,0.516,0.221
1719504000,127915,33.633,null,89.4,null,996.948,null,2.067,1.397
1718233200,127915,20.366,null,96.233,null,997.403,null,0.088,0.047
1719579600,127915,40.1,null,85.666,null,998.056,null,6.091,5.482
1719594000,127915,30.8,null,95.9,null,995.869,null,6.192,5.309
1719576000,127915,42.166,null,83.1,null,998.063,null,5.635,5.383
1717657200,127915,null,null,null,null,null,null,7.91,6.712
1718445600,127915,34.833,null,79.9,null,1001.655,null,0.195,0.2
1718413200,127915,39.2,null,89.066,null,996.4,null,2.45,1.556
1718427600,127915,31.1,null,86.633,null,998.781,null,1.074,0.902
1718971200,127915,50.333,null,89.466,null,1006.956,null,41.035,42.979
1718636400,127915,41.766,null,96.133,null,1001.648,null,28.648,29.063
1719216000,127915,44.834,null,82.8,null,995.084,null,0.266,0.203
1719954000,127915,25.0,null,98.867,null,998.634,null,1.23,1.193
1719435600,127915,80.4,null,93.633,null,992.686,null,5.745,6.274
1719169200,127915,57.467,null,91.066,null,991.272,null,17.642,17.306
1719118800,127915,41.433,null,93.966,null,993.85,null,22.158,21.713
1720515600,127915,53.0,null,87.233,null,997.358,null,16.655,15.836
1719979200,127915,43.133,null,90.834,null,998.543,null,12.082,11.117
1720040400,127915,40.967,null,98.5,null,996.594,null,18.764,17.815
1718791200,127915,55.6,null,90.0,null,1005.377,null,28.475,29.285
1718042400,127915,null,null,null,null,null,null,0.203,0.188
1718010000,127915,null,null,null,null,null,null,0.611,0.273
1719723600,127915,66.233,null,84.966,null,999.511,null,4.332,3.668
1719766800,127915,37.433,null,91.967,null,1002.598,null,0.006,0.0
1719781200,127915,31.666,null,92.166,null,1001.701,null,0.011,0.007
1717833600,127915,null,null,null,null,null,null,3.51,2.664
1717902000,127915,null,null,null,null,null,null,0.526,0.303
1717934400,127915,null,null,null,null,null,null,0.081,0.033
1717905600,127915,null,null,null,null,null,null,1.152,0.555
1717891200,127915,null,null,null,null,null,null,0.074,0.001
1718751600,127915,36.733,null,99.133,null,1002.005,null,21.259,21.282
1718712000,127915,48.667,null,91.466,null,1003.118,null,22.483,22.978
1720411200,127915,44.6,null,87.067,null,999.246,null,9.154,9.386
1720429200,127915,57.1,null,82.1,null,998.906,null,17.294,17.61
1720069200,127915,65.867,null,87.3,null,998.62,null,5.429,5.005
1720548000,127915,61.334,null,90.1,null,995.895,null,28.515,29.459
1720551600,127915,53.767,null,93.367,null,994.55,null,29.076,29.758
1720357200,127915,49.334,null,85.267,null,1000.77,null,21.009,21.468
1720386000,127915,27.267,null,98.066,null,998.291,null,6.285,5.871
1719320400,127915,35.567,null,88.7,null,995.873,null,7.453,6.941
1720584000,127915,72.466,null,94.0,null,988.546,null,20.94,5.371
1718262000,127915,45.633,null,78.367,null,997.526,null,114.097,4.445
1718298000,127915,26.334,null,91.933,null,997.348,null,3.831,2.857
1718316000,127915,19.9,null,106.133,null,995.316,null,1.868,0.985
1720562400,127915,39.4,null,100.4,null,991.381,null,13.527,13.93
1718910000,127915,33.433,null,100.533,null,1007.487,null,35.636,36.923
1720267200,127915,52.833,null,82.333,null,997.48,null,1.594,1.819
1720299600,127915,32.766,null,94.3,null,997.424,null,0.668,0.247
1720512000,127915,51.5,null,87.2,null,997.368,null,15.163,14.995
1720220400,127915,42.466,null,95.166,null,992.2,null,0.256,0.232
1720141200,127915,59.666,null,90.2,null,993.363,null,32.965,35.182
1720159200,127915,68.966,null,84.166,null,993.807,null,15.206,15.8
1719068400,127915,36.733,null,96.267,null,1000.554,null,30.362,30.539
1719082800,127915,28.433,null,102.333,null,997.602,null,19.666,19.627
1717783200,127915,null,null,null,null,null,null,0.685,0.662
1717776000,127915,null,null,null,null,null,null,0.0,0.002
1718496000,127915,18.6,null,92.833,null,1000.218,null,0.0,0.003
1718334000,127915,34.1,null,87.267,null,996.12,null,3.571,2.928
1718326800,127915,31.867,null,90.1,null,995.672,null,1.901,1.026
1718337600,127915,36.166,null,86.466,null,996.495,null,5.341,4.64
1718352000,127915,59.267,null,80.7,null,994.892,null,6.822,5.934
1719457200,127915,64.8,null,82.9,null,994.267,null,4.434,4.431
1719464400,127915,63.175,null,81.3,null,994.211,null,2.204,2.106
1718175600,127915,null,null,null,null,null,null,7.253,6.315
1719604800,127915,30.3,null,100.1,null,994.389,null,3.119,2.697
1719565200,127915,43.267,null,81.666,null,997.053,null,4.284,4.006
1719612000,127915,28.133,null,103.934,null,993.839,null,3.506,2.809
1717682400,127915,null,null,null,null,null,null,0.584,0.329
1717689600,127915,null,null,null,null,null,null,0.009,0.015
1717664400,127915,null,null,null,null,null,null,11.532,9.811
1718463600,127915,22.4,null,86.4,null,1003.148,null,0.005,0.0
1718978400,127915,41.233,null,93.733,null,1006.506,null,40.877,26.65
1718953200,127915,51.3,null,87.8,null,1005.737,null,31.471,32.723
1719010800,127915,25.8,null,105.466,null,1001.744,null,25.254,25.828
1718996400,127915,27.066,null,102.8,null,1003.765,null,28.709,29.024
1718942400,127915,45.934,null,91.4,null,1006.35,null,31.865,32.813
1719000000,127915,26.6,null,103.233,null,1003.115,null,26.749,27.378
1718946000,127915,48.6,null,90.233,null,1006.226,null,32.845,33.81
1718596800,127915,42.567,null,90.834,null,998.625,null,17.879,17.424
1718589600,127915,37.3,null,92.567,null,998.211,null,16.715,16.582
1719194400,127915,47.767,null,88.566,null,991.607,null,0.004,0.005
1719212400,127915,44.633,null,84.967,null,994.621,null,0.026,0.007
1719900000,127915,37.334,null,78.466,null,1003.044,null,0.311,0.294
1719903600,127915,39.933,null,77.233,null,1002.532,null,1.434,1.171
1719896400,127915,34.066,null,79.967,null,1003.129,null,0.207,0.19
1719410400,127915,54.133,null,87.4,null,993.771,null,9.04,8.507
1719396000,127915,47.267,null,86.0,null,994.246,null,4.494,3.73
1719439200,127915,67.933,null,90.8,null,992.402,null,5.399,5.353
1719363600,127915,34.133,null,91.666,null,993.456,null,0.175,0.048
1719424800,127915,45.834,null,90.233,null,992.706,null,7.697,6.989
1719133200,127915,44.534,null,91.0,null,991.815,null,20.89,20.612
1719136800,127915,45.433,null,90.6,null,991.846,null,19.405,19.407
1719126000,127915,42.5,null,92.7,null,993.101,null,21.86,21.378
1719828000,127915,42.867,null,75.834,null,1006.156,null,0.307,0.351
1719846000,127915,32.466,null,80.8,null,1007.303,null,0.007,0.006
1719792000,127915,29.9,null,87.933,null,1002.294,null,0.0,0.0
1720004400,127915,50.7,null,89.0,null,998.928,null,19.291,18.907
1719964800,127915,34.5,null,97.267,null,997.127,null,10.334,9.295
1718809200,127915,46.867,null,94.566,null,1007.319,null,32.694,33.792
1718820000,127915,42.0,null,97.867,null,1006.606,null,33.709,34.45
1718816400,127915,43.334,null,97.534,null,1006.93,null,34.636,35.302
1718798400,127915,54.133,null,90.166,null,1006.707,null,29.161,29.938
1718002800,127915,null,null,null,null,null,null,1.112,0.963
1718053200,127915,null,null,null,null,null,null,0.8,0.718
1719738000,127915,67.966,null,85.267,null,999.854,null,15.791,13.512
1719705600,127915,70.767,null,84.867,null,998.896,null,0.03,0.013
1717826400,127915,null,null,null,null,null,null,2.433,1.771
1717862400,127915,null,null,null,null,null,null,0.17,0.104
1717858800,127915,null,null,null,null,null,null,0.226,0.064
1717966800,127915,null,null,null,null,null,null,0.0,0.0
1717945200,127915,null,null,null,null,null,null,0.0,0.0
1718748000,127915,32.667,null,101.2,null,1001.907,null,18.245,18.455
1720062000,127915,68.666,null,87.333,null,998.684,null,11.902,11.947
1720108800,127915,67.433,null,88.0,null,998.405,null,17.265,17.201
1720090800,127915,65.5,null,86.5,null,997.518,null,5.325,4.768
1720623600,127915,52.534,null,82.934,null,992.547,null,0.378,0.434
1720346400,127915,58.934,null,80.033,null,999.956,null,28.309,29.998
1720364400,127915,36.133,null,90.534,null,1000.187,null,3.058,2.897
1720328400,127915,52.233,null,83.133,null,999.747,null,35.474,37.504
1719277200,127915,32.933,null,89.767,null,996.306,null,0.3,0.042
1718258400,127915,43.633,null,79.2,null,997.759,null,12.237,4.334
1718881200,127915,54.434,null,88.8,null,1008.454,null,28.81,29.529
1720191600,127915,74.333,null,83.067,null,995.016,null,14.428,15.582
1720144800,127915,73.633,null,86.966,null,993.699,null,97.025,105.484
1719061200,127915,44.8,null,92.934,null,1001.387,null,39.087,40.339
1717786800,127915,null,null,null,null,null,null,0.773,0.715
1717725600,127915,null,null,null,null,null,null,0.155,7.248
1717801200,127915,null,null,null,null,null,null,0.0,0.003
1717722000,127915,null,null,null,null,null,null,0.0,0.0
1718517600,127915,35.9,null,81.067,null,1000.358,null,1.165,0.98
1718503200,127915,27.433,null,86.3,null,1000.336,null,0.335,7.21
1718391600,127915,39.466,null,94.3,null,995.923,null,20.488,18.894
1719486000,127915,59.733,null,79.0,null,996.134,null,3.222,3.248
1718193600,127915,null,null,null,null,null,null,10.368,9.797
1718222400,127915,20.9,null,92.5,null,998.044,null,0.855,0.119
1719597600,127915,30.4,null,98.067,null,995.159,null,5.306,4.616
1717678800,127915,null,null,null,null,null,null,5.136,4.569
1718420400,127915,33.333,null,88.367,null,998.074,null,3.038,2.68
1718434800,127915,34.3,null,84.367,null,999.525,null,1.279,0.843
1718431200,127915,32.4,null,85.233,null,999.102,null,0.993,0.795
1718654400,127915,30.584,null,103.25,null,999.291,null,24.793,25.589
1718586000,127915,33.233,null,94.867,null,997.899,null,16.849,16.042
1719223200,127915,46.233,null,81.166,null,996.144,null,4.65,4.467
1719259200,127915,24.9,null,96.267,null,997.087,null,0.625,0.7
1719237600,127915,41.033,null,85.633,null,998.026,null,8.887,8.603
1719928800,127915,34.334,null,83.6,null,1002.326,null,2.397,2.031
1719957600,127915,21.733,null,108.4,null,998.24,null,3.997,3.38
1719943200,127915,25.466,null,94.666,null,1000.041,null,1.168,0.735
1719885600,127915,27.934,null,84.233,null,1003.276,null,2.144,1.907
1719122400,127915,41.2,null,93.267,null,993.402,null,21.176,21.2
1719165600,127915,59.825,null,90.084,null,991.561,null,16.146,15.72
1719158400,127915,51.8,null,92.5,null,991.353,null,9.81,9.011
1719108000,127915,38.167,null,95.333,null,994.376,null,19.779,19.626
1719874800,127915,20.9,null,93.066,null,1003.068,null,0.604,0.57
1719799200,127915,34.133,null,84.6,null,1003.757,null,0.018,0.0
1719982800,127915,44.1,null,91.0,null,998.533,null,16.052,14.966
1720018800,127915,46.733,null,93.9,null,999.284,null,21.04,20.312
1720026000,127915,41.133,null,97.034,null,998.857,null,18.735,17.805
1718805600,127915,46.9,null,93.2,null,1007.306,null,27.577,28.36
1718838000,127915,36.567,null,100.534,null,1005.574,null,25.98,26.839
1718755200,127915,40.633,null,97.2,null,1002.157,null,23.384,23.022
1720569600,127915,53.666,null,93.2,null,990.111,null,7.355,7.3
1718035200,127915,null,null,null,null,null,null,0.406,0.421
1718056800,127915,null,null,null,null,null,null,0.001,0.0
1718013600,127915,null,null,null,null,null,null,0.297,7.958
1718049600,127915,null,null,null,null,null,null,0.009,0.0
1719756000,127915,49.867,null,88.4,null,1002.455,null,2.331,1.583
1717887600,127915,null,null,null,null,null,null,0.04,0.011
1717873200,127915,null,null,null,null,null,null,0.179,0.045
1717959600,127915,null,null,null,null,null,null,0.0,0.0
1720472400,127915,30.233,null,101.9,null,997.321,null,8.233,8.116
1720432800,127915,57.275,null,82.466,null,999.392,null,20.292,20.431
1720058400,127915,68.6,null,88.1,null,998.539,null,19.02,19.526
1720587600,127915,81.0,null,90.334,null,989.051,null,1.732,2.08
1720526400,127915,51.4,null,88.867,null,997.828,null,22.953,23.263
1720310400,127915,40.166,null,90.2,null,997.308,null,1.699,1.411
1720375200,127915,28.634,null,95.4,null,999.878,null,4.694,4.146
1719284400,127915,37.8,null,86.7,null,996.904,null,3.494,3.04
1718143200,127915,null,null,null,null,null,null,0.431,0.192
1718136000,127915,null,null,null,null,null,null,1.891,1.153
1718845200,127915,45.333,null,95.166,null,1006.145,null,23.428,23.565
1718895600,127915,40.8,null,94.208,null,1009.033,null,21.757,22.014
1718870400,127915,55.666,null,88.566,null,1007.707,null,25.59,25.842
1720256400,127915,62.733,null,80.0,null,996.221,null,3.176,3.302
1720242000,127915,65.066,null,82.733,null,995.143,null,5.255,5.716
1720238400,127915,64.333,null,83.5,null,994.918,null,15.637,17.051
1720216800,127915,35.267,null,104.0,null,991.656,null,0.046,0.007
1720202400,127915,52.3,null,92.267,null,992.74,null,2.748,2.704
1720166400,127915,67.5,null,84.0,null,993.87,null,8.65,9.31
1719702000,127915,63.9,null,86.733,null,999.086,null,0.107,0.088
1719655200,127915,49.267,null,92.0,null,995.991,null,15.054,13.088
1719079200,127915,30.267,null,101.034,null,998.188,null,22.056,22.166
1719054000,127915,49.7,null,89.233,null,1001.912,null,38.224,39.249
1719075600,127915,32.9,null,99.566,null,999.087,null,27.756,28.11
1717736400,127915,null,null,null,null,null,null,0.0,0.0
1717754400,127915,null,null,null,null,null,null,0.004,0.0
1718499600,127915,24.033,null,88.9,null,1000.132,null,0.005,0.0
1718542800,127915,36.266,null,82.6,null,1001.03,null,3.009,2.292
1718510400,127915,32.033,null,83.733,null,1000.24,null,2.777,2.328
1718362800,127915,61.1,null,80.334,null,996.266,null,9.764,8.509
1718355600,127915,58.533,null,80.966,null,995.672,null,7.011,6.154
1718366400,127915,56.934,null,81.8,null,996.567,null,11.611,9.622
1718395200,127915,36.834,null,96.2,null,995.49,null,13.392,11.39
1719446400,127915,60.9,null,86.467,null,992.731,null,0.414,0.112
1719475200,127915,62.534,null,78.767,null,994.561,null,9.375,2.077
1719496800,127915,46.6,null,84.767,null,997.182,null,7.574,6.744
1718208000,127915,24.2,null,85.867,null,999.735,null,1.542,0.972
1718186400,127915,null,null,null,null,null,null,7.44,6.665
1718218800,127915,20.733,null,91.4,null,998.523,null,2.171,1.503
1719615600,127915,31.6,null,101.133,null,993.63,null,4.434,3.894
1719547200,127915,39.166,null,85.834,null,997.196,null,3.071,1.998
1717700400,127915,null,null,null,null,null,null,0.063,0.048
1718938800,127915,43.867,null,92.4,null,1006.448,null,29.313,30.003
1718982000,127915,36.266,null,95.3,null,1006.271,null,24.578,24.84
1718650800,127915,31.108,null,102.416,null,999.695,null,27.795,28.384
1719226800,127915,46.233,null,81.467,null,996.807,null,5.155,5.15
1719190800,127915,45.2,null,90.333,null,991.043,null,0.002,0.0
1719198000,127915,48.333,null,88.0,null,992.464,null,0.002,0.003
1719252000,127915,28.9,null,93.633,null,997.65,null,5.723,5.42
1719925200,127915,35.767,null,80.933,null,1002.704,null,2.843,2.638
1719442800,127915,62.4,null,88.133,null,992.176,null,1.147,0.836
1719144000,127915,49.0,null,90.233,null,992.574,null,18.026,17.537
1719180000,127915,37.267,null,101.267,null,990.244,null,3.998,3.742
1719820800,127915,41.267,null,77.267,null,1005.375,null,0.028,0.03
1719856800,127915,24.8,null,86.566,null,1005.604,null,0.005,0.006
1719795600,127915,32.0,null,85.9,null,1002.9,null,0.0,0.0
1720036800,127915,38.367,null,100.233,null,996.957,null,18.541,18.166
1720000800,127915,51.0,null,89.0,null,998.323,null,17.594,17.053
1718823600,127915,42.6,null,98.334,null,1006.275,null,35.26,36.682
1718758800,127915,42.534,null,95.767,null,1002.287,null,21.412,21.645
1718031600,127915,null,null,null,null,null,null,1.468,1.462
1719734400,127915,68.1,null,85.0,null,999.606,null,8.137,7.064
1719788400,127915,24.367,null,95.2,null,1002.075,null,0.0,0.0
1717815600,127915,null,null,null,null,null,null,0.463,0.3
1717970400,127915,null,null,null,null,null,null,0.0,0.0
1718715600,127915,44.966,null,93.1,null,1003.465,null,23.537,23.48
1720454400,127915,35.733,null,95.166,null,999.582,null,9.009,8.575
1720422000,127915,52.7,null,84.1,null,998.899,null,16.861,16.517
1720054800,127915,67.833,null,88.733,null,998.283,null,8.67,8.683
1720105200,127915,64.733,null,88.267,null,998.406,null,15.651,15.497
