,,,,,Sensor_Package_Name,Sensor_Package_Name,Sensor_Package_Name,Sensor_Package_Name,Sensor_Package_Name
,,,,,AirBeam3:8c4b14025110,AirBeam3:8c4b14025110,AirBeam3:8c4b14025110,AirBeam3:8c4b14025110,AirBeam3:8c4b14025110
,,,,,Sensor_Name,Sensor_Name,Sensor_Name,Sensor_Name,Sensor_Name
,,,,,AirBeam3-F,AirBeam3-PM1,AirBeam3-PM10,AirBeam3-PM2.5,AirBeam3-RH
,,,,,Measurement_Type,Measurement_Type,Measurement_Type,Measurement_Type,Measurement_Type
,,,,,Temperature,Particulate Matter,Particulate Matter,Particulate Matter,Humidity
,,,,,Measurement_Units,Measurement_Units,Measurement_Units,Measurement_Units,Measurement_Units
,,,,,degrees Fahrenheit,micrograms per cubic meter,micrograms per cubic meter,micrograms per cubic meter,percent
ObjectID,Session_Name,Timestamp,Latitude,Longitude,1:Measurement_Value,2:Measurement_Value,3:Measurement_Value,4:Measurement_Value,5:Measurement_Value
1,A03 sun,2024-04-06T18:48:18.000,39.142371762,-84.496526615,82.0,1.0,,,27.0
2,A03 sun,2024-04-07T07:40:59.000,39.142299177,-84.496617264,82.23333,0.15,0.15,0.15,26.0
3,A03 sun,2024-04-07T07:41:59.000,39.142299177,-84.496617264,83.11667,0.2,0.21666667,0.21666667,25.133333
4,A03 sun,2024-04-07T07:42:59.000,39.142299177,-84.496617264,84.0,0.3,0.3,0.3,24.65
5,A03 sun,2024-04-07T07:43:59.000,39.142299177,-84.496617264,84.816666,0.2,0.2,0.2,24.0
6,A03 sun,2024-04-07T07:44:59.000,39.142299177,-84.496617264,85.26667,0.2,0.2,0.2,24.0
7,A03 sun,2024-04-07T07:45:59.000,39.142299177,-84.496617264,86.0,0.05,0.033333335,0.033333335,23.533333
8,A03 sun,2024-04-07T07:46:59.000,39.142301718,-84.496507418,86.566666,0.13333334,0.15,0.15,23.0
9,A03 sun,2024-04-07T07:47:59.000,39.142301718,-84.496507418,87.0,0.0,0.0,0.0,23.0
10,A03 sun,2024-04-07T07:48:59.000,39.142301718,-84.496507418,87.566666,0.033333335,0.033333335,0.033333335,22.916666
11,A03 sun,2024-04-07T07:49:59.000,39.142301718,-84.496507418,88.0,0.05,0.05,0.05,22.033333
12,A03 sun,2024-04-07T07:50:59.000,39.142301718,-84.496507418,88.35,0.083333336,0.083333336,0.083333336,22.0
13,A03 sun,2024-04-07T07:51:59.000,39.142301718,-84.496507418,89.0,0.0,0.0,0.0,22.0
14,A03 sun,2024-04-07T07:52:59.000,39.142301718,-84.496507418,89.05,0.0,0.0,0.0,22.0
15,A03 sun,2024-04-07T07:53:59.000,39.142301718,-84.496507418,90.0,0.13333334,0.13333334,0.13333334,21.083334
16,A03 sun,2024-04-07T07:54:59.000,39.142301718,-84.496507418,90.0,0.016666668,0.016666668,0.016666668,21.0
17,A03 sun,2024-04-07T07:55:59.000,39.142301718,-84.496507418,90.05,0.033333335,0.033333335,0.033333335,21.0
18,A03 sun,2024-04-07T07:56:59.000,39.142301718,-84.496507418,91.0,0.0,0.0,0.0,21.0
19,A03 sun,2024-04-07T07:57:59.000,39.142301718,-84.496507418,91.0,0.06666667,0.06666667,0.06666667,20.516666
20,A03 sun,2024-04-07T07:58:59.000,39.142301718,-84.496507418,91.0,0.15,0.15,0.15,20.0
21,A03 sun,2024-04-07T07:59:59.000,39.142301718,-84.496507418,91.03333,0.28333333,0.28333333,0.28333333,20.0
22,A03 sun,2024-04-07T08:00:59.000,39.142432813,-84.496465097,91.98333,0.083333336,0.06666667,0.06666667,20.0
23,A03 sun,2024-04-07T08:01:59.000,39.142432813,-84.496465097,92.0,0.33333334,0.35,0.35,20.0
24,A03 sun,2024-04-07T08:02:59.000,39.142269044,-84.496481497,92.0,0.0,0.0,0.0,20.0
25,A03 sun,2024-04-07T08:03:59.000,39.142269044,-84.496481497,92.0,0.16666667,0.16666667,0.16666667,20.0
26,A03 sun,2024-04-07T08:04:59.000,39.142269044,-84.496481497,92.1,0.16666667,0.16666667,0.16666667,19.0
27,A03 sun,2024-04-07T08:05:59.000,39.142269044,-84.496481497,92.98333,0.0,0.0,0.0,19.0
28,A03 sun,2024-04-07T08:06:59.000,39.142269044,-84.496481497,93.0,0.43333334,0.43333334,0.43333334,19.0
29,A03 sun,2024-04-07T08:07:59.000,39.142269044,-84.496481497,93.0,0.0,0.0,0.0,19.083334
30,A03 sun,2024-04-07T08:08:59.000,39.142269044,-84.496481497,93.0,0.25,0.25,0.25,19.983334
31,A03 sun,2024-04-07T08:09:59.000,39.142269044,-84.496481497,93.0,0.16666667,0.16666667,0.16666667,19.116667
32,A03 sun,2024-04-07T08:10:59.000,39.142269044,-84.496481497,93.01667,0.21666667,0.21666667,0.21666667,19.0
33,A03 sun,2024-04-07T08:11:59.000,39.142269044,-84.496481497,93.6,0.083333336,0.083333336,0.083333336,19.0
34,A03 sun,2024-04-07T08:12:59.000,39.142269044,-84.496481497,94.0,0.3,0.3,0.3,19.0
35,A03 sun,2024-04-07T08:13:59.000,39.142388586,-84.496531776,94.0,0.033333335,0.033333335,0.033333335,19.0
36,A03 sun,2024-04-07T08:14:59.000,39.142388586,-84.496531776,94.0,0.21666667,0.2,0.2,19.0
37,A03 sun,2024-04-07T08:15:59.000,39.142388586,-84.496531776,94.0,0.083333336,0.1,0.1,19.0
38,A03 sun,2024-04-07T08:16:59.000,39.14224937,-84.496502862,94.0,0.033333335,0.033333335,0.033333335,19.0
39,A03 sun,2024-04-07T08:17:59.000,39.14235215,-84.496398741,94.0,0.0,0.0,0.0,18.833334
40,A03 sun,2024-04-07T08:18:59.000,39.14235215,-84.496398741,94.13333,0.033333335,0.033333335,0.033333335,18.283333
41,A03 sun,2024-04-07T08:19:59.000,39.14235215,-84.496398741,94.71667,0.0,0.0,0.0,18.0
42,A03 sun,2024-04-07T08:20:59.000,39.14235215,-84.496398741,95.0,0.0,0.0,0.0,18.0
43,A03 sun,2024-04-07T08:21:59.000,39.14235215,-84.496398741,95.0,0.0,0.0,0.0,18.0
44,A03 sun,2024-04-07T08:22:59.000,39.14235215,-84.496398741,95.0,0.083333336,0.083333336,0.083333336,18.0
45,A03 sun,2024-04-07T08:23:59.000,39.14235215,-84.496398741,95.0,0.3,0.3,0.3,18.0
46,A03 sun,2024-04-07T08:24:59.000,39.14235215,-84.496398741,95.0,0.3,0.3,0.3,18.0
47,A03 sun,2024-04-07T08:25:59.000,39.14235215,-84.496398741,95.0,0.1,0.1,0.1,18.0
48,A03 sun,2024-04-07T08:26:59.000,39.14235215,-84.496398741,95.0,0.13333334,0.13333334,0.13333334,18.0
49,A03 sun,2024-04-07T08:27:59.000,39.142377549,-84.496464082,95.0,0.28333333,0.28333333,0.28333333,18.0
50,A03 sun,2024-04-07T08:28:59.000,39.142346596,-84.496447029,95.0,0.13333334,0.13333334,0.13333334,18.0
51,A03 sun,2024-04-07T08:29:59.000,39.142346596,-84.496447029,95.0,0.21666667,0.21666667,0.21666667,18.0
52,A03 sun,2024-04-07T08:30:59.000,39.142346596,-84.496447029,95.11667,0.06666667,0.06666667,0.06666667,18.0
53,A03 sun,2024-04-07T08:31:59.000,39.142346596,-84.496447029,95.78333,0.0,0.0,0.0,18.0
54,A03 sun,2024-04-07T08:32:59.000,39.142346596,-84.496447029,96.0,0.0,0.0,0.0,18.0
55,A03 sun,2024-04-07T08:33:59.000,39.142346596,-84.496447029,96.0,0.0,0.0,0.0,17.916666
56,A03 sun,2024-04-07T08:34:59.000,39.142346596,-84.496447029,96.0,0.016666668,0.016666668,0.016666668,17.1
57,A03 sun,2024-04-07T08:35:59.000,39.142346596,-84.496447029,96.0,0.18333334,0.18333334,0.18333334,17.0
58,A03 sun,2024-04-07T08:36:59.000,39.142346596,-84.496447029,96.0,0.18333334,0.18333334,0.18333334,17.883333
59,A03 sun,2024-04-07T08:37:59.000,39.142346596,-84.496447029,96.0,0.11666667,0.11666667,0.11666667,17.1
60,A03 sun,2024-04-07T08:38:59.000,39.142346596,-84.496447029,96.0,0.0,0.0,0.0,17.0
61,A03 sun,2024-04-07T08:39:59.000,39.142346596,-84.496447029,96.0,0.083333336,0.083333336,0.083333336,17.0
62,A03 sun,2024-04-07T08:40:59.000,39.142346596,-84.496447029,96.0,0.11666667,0.11666667,0.11666667,17.0
63,A03 sun,2024-04-07T08:41:59.000,39.142346596,-84.496447029,96.0,0.11666667,0.11666667,0.11666667,17.0
64,A03 sun,2024-04-07T08:42:59.000,39.142346596,-84.496447029,96.0,0.0,0.0,0.0,17.0
65,A03 sun,2024-04-07T08:43:59.000,39.142238566,-84.496538336,96.0,0.36666667,0.36666667,0.36666667,17.0
66,A03 sun,2024-04-07T08:44:59.000,39.142238566,-84.496538336,96.0,0.033333335,0.033333335,0.033333335,17.0
67,A03 sun,2024-04-07T08:45:59.000,39.142238566,-84.496538336,96.0,0.35,0.35,0.35,17.0
68,A03 sun,2024-04-07T08:46:59.000,39.142372891,-84.49655103,96.0,0.23333333,0.23333333,0.23333333,17.0
69,A03 sun,2024-04-07T08:47:59.000,39.142372891,-84.49655103,96.0,0.0,0.0,0.0,17.0
70,A03 sun,2024-04-07T08:48:59.000,39.142372891,-84.49655103,96.0,0.016666668,0.016666668,0.016666668,17.0
71,A03 sun,2024-04-07T08:49:59.000,39.142372891,-84.49655103,96.0,0.05,0.05,0.05,17.0
72,A03 sun,2024-04-07T08:50:59.000,39.142372891,-84.49655103,96.0,0.016666668,0.016666668,0.016666668,17.0
73,A03 sun,2024-04-07T08:51:59.000,39.142372891,-84.49655103,96.0,0.0,0.0,0.0,17.0
74,A03 sun,2024-04-07T08:52:59.000,39.142279684,-84.496445654,96.0,0.1,0.1,0.1,17.0
75,A03 sun,2024-04-07T08:53:59.000,39.142279684,-84.496445654,96.0,0.05,0.05,0.05,17.0
76,A03 sun,2024-04-07T08:54:59.000,39.142279684,-84.496445654,96.0,0.0,0.0,0.0,17.0
77,A03 sun,2024-04-07T08:55:59.000,39.142279684,-84.496445654,96.0,0.0,0.0,0.0,17.0
78,A03 sun,2024-04-07T08:56:59.000,39.142409937,-84.496513887,96.0,0.0,0.0,0.0,16.983334
79,A03 sun,2024-04-07T08:57:59.000,39.142409937,-84.496513887,96.0,0.0,0.0,0.0,16.65
80,A03 sun,2024-04-07T08:58:59.000,39.142409937,-84.496513887,96.0,0.11666667,0.11666667,0.11666667,16.033333
81,A03 sun,2024-04-07T08:59:59.000,39.142294013,-84.496467358,96.0,0.033333335,0.033333335,0.033333335,16.0
82,A03 sun,2024-04-07T09:00:59.000,39.142294013,-84.496467358,96.0,0.18333334,0.18333334,0.18333334,16.0
83,A03 sun,2024-04-07T09:01:59.000,39.142294013,-84.496467358,96.0,0.0,0.0,0.0,16.0
84,A03 sun,2024-04-07T09:02:59.000,39.142294013,-84.496467358,96.0,0.2,0.2,0.2,16.0
85,A03 sun,2024-04-07T09:03:59.000,39.142294013,-84.496467358,96.0,0.0,0.0,0.0,16.0
86,A03 sun,2024-04-07T09:04:59.000,39.142294013,-84.496467358,96.0,0.016666668,0.016666668,0.016666668,16.0
87,A03 sun,2024-04-07T09:05:59.000,39.142294013,-84.496467358,96.0,0.41666666,0.41666666,0.41666666,16.0
88,A03 sun,2024-04-07T09:06:59.000,39.142294013,-84.496467358,96.0,0.35,0.35,0.35,16.0
89,A03 sun,2024-04-07T09:07:59.000,39.142294013,-84.496467358,96.0,0.0,0.0,0.0,16.0
90,A03 sun,2024-04-07T09:08:59.000,39.142294013,-84.496467358,96.0,0.0,0.0,0.0,16.0
91,A03 sun,2024-04-07T09:09:59.000,39.142294013,-84.496467358,96.0,0.18333334,0.18333334,0.18333334,16.0
92,A03 sun,2024-04-07T09:10:59.000,39.142294013,-84.496467358,96.0,0.0,0.0,0.0,16.0
93,A03 sun,2024-04-07T09:11:59.000,39.142294013,-84.496467358,96.0,0.0,0.0,0.0,16.0
94,A03 sun,2024-04-07T09:12:59.000,39.142294013,-84.496467358,96.0,0.0,0.0,0.0,16.0
95,A03 sun,2024-04-07T09:13:59.000,39.142294013,-84.496467358,96.0,0.0,0.0,0.0,16.0
96,A03 sun,2024-04-07T09:14:59.000,39.142294013,-84.496467358,96.0,0.0,0.0,0.0,16.0
97,A03 sun,2024-04-07T09:15:59.000,39.142294013,-84.496467358,95.95,0.0,0.0,0.0,16.0
98,A03 sun,2024-04-07T09:16:59.000,39.142294013,-84.496467358,95.55,0.0,0.0,0.0,16.0
99,A03 sun,2024-04-07T09:17:59.000,39.142294013,-84.496467358,95.2,0.0,0.0,0.0,16.0
100,A03 sun,2024-04-07T09:18:59.000,39.142294013,-84.496467358,95.0,0.083333336,0.083333336,0.083333336,16.0
101,A03 sun,2024-04-07T09:19:59.000,39.142294013,-84.496467358,95.0,0.0,0.0,0.0,16.0
102,A03 sun,2024-04-07T09:20:59.000,39.142294013,-84.496467358,95.0,0.26666668,0.26666668,0.26666668,16.0
103,A03 sun,2024-04-07T09:21:59.000,39.142294013,-84.496467358,95.0,0.016666668,0.016666668,0.016666668,16.0
104,A03 sun,2024-04-07T09:22:59.000,39.142294013,-84.496467358,95.0,0.033333335,0.033333335,0.033333335,16.0
105,A03 sun,2024-04-07T09:23:59.000,39.142294013,-84.496467358,95.0,0.0,0.0,0.0,16.0
106,A03 sun,2024-04-07T09:24:59.000,39.142294013,-84.496467358,95.0,0.0,0.0,0.0,16.0
107,A03 sun,2024-04-07T09:25:59.000,39.142294013,-84.496467358,95.0,0.0,0.0,0.0,16.0
108,A03 sun,2024-04-07T09:26:59.000,39.142294013,-84.496467358,95.0,0.16666667,0.16666667,0.16666667,16.0
109,A03 sun,2024-04-07T09:27:59.000,39.142294013,-84.496467358,95.0,0.0,0.0,0.0,16.0
110,A03 sun,2024-04-07T09:28:59.000,39.142294013,-84.496467358,95.0,0.0,0.0,0.0,16.0
111,A03 sun,2024-04-07T09:29:59.000,39.142294013,-84.496467358,95.0,0.0,0.0,0.0,16.0
112,A03 sun,2024-04-07T09:30:59.000,39.142294013,-84.496467358,95.0,0.0,0.0,0.0,16.0
113,A03 sun,2024-04-07T09:31:59.000,39.142220933,-84.496579763,95.0,0.25,0.25,0.25,16.0
114,A03 sun,2024-04-07T09:32:59.000,39.142220933,-84.496579763,95.0,0.0,0.0,0.0,16.0
115,A03 sun,2024-04-07T09:33:59.000,39.142220933,-84.496579763,95.0,0.0,0.0,0.0,16.0
116,A03 sun,2024-04-07T09:34:59.000,39.142220933,-84.496579763,95.0,0.0,0.0,0.0,16.0
117,A03 sun,2024-04-07T09:35:59.000,39.142220933,-84.496579763,95.0,0.0,0.0,0.0,16.0
118,A03 sun,2024-04-07T09:36:59.000,39.142328423,-84.496527839,95.0,0.0,0.0,0.0,16.0
119,A03 sun,2024-04-07T09:37:59.000,39.142328423,-84.496527839,94.98333,0.0,0.0,0.0,16.0
120,A03 sun,2024-04-07T09:38:59.000,39.142328423,-84.496527839,94.95,0.033333335,0.033333335,0.033333335,16.0
121,A03 sun,2024-04-07T09:39:59.000,39.142328423,-84.496527839,94.48333,0.033333335,0.033333335,0.033333335,16.0
122,A03 sun,2024-04-07T09:40:59.000,39.142328423,-84.496527839,94.05,0.0,0.0,0.0,16.0
123,A03 sun,2024-04-07T09:41:59.000,39.142328423,-84.496527839,94.0,0.13333334,0.13333334,0.13333334,16.0
124,A03 sun,2024-04-07T09:42:59.000,39.142328423,-84.496527839,94.0,0.0,0.0,0.0,16.0
125,A03 sun,2024-04-07T09:43:59.000,39.142328423,-84.496527839,94.0,0.18333334,0.18333334,0.18333334,16.0
126,A03 sun,2024-04-07T09:44:59.000,39.142328423,-84.496527839,94.0,0.06666667,0.06666667,0.06666667,16.0
127,A03 sun,2024-04-07T09:45:59.000,39.142328423,-84.496527839,94.0,0.0,0.0,0.0,16.0
128,A03 sun,2024-04-07T09:46:59.000,39.142328423,-84.496527839,94.0,0.0,0.0,0.0,16.0
129,A03 sun,2024-04-07T09:47:59.000,39.142328423,-84.496527839,94.0,0.0,0.0,0.0,16.0
130,A03 sun,2024-04-07T09:48:59.000,39.142328423,-84.496527839,94.0,0.0,0.0,0.0,16.0
131,A03 sun,2024-04-07T09:49:59.000,39.142328423,-84.496527839,94.0,0.0,0.0,0.0,16.0
132,A03 sun,2024-04-07T09:50:59.000,39.142328423,-84.496527839,94.0,0.0,0.0,0.0,16.0
133,A03 sun,2024-04-07T09:51:59.000,39.142328423,-84.496527839,94.0,0.0,0.0,0.0,16.0
134,A03 sun,2024-04-07T09:52:59.000,39.142328423,-84.496527839,94.0,0.016666668,0.016666668,0.016666668,16.0
135,A03 sun,2024-04-07T09:53:59.000,39.142328423,-84.496527839,94.0,0.0,0.0,0.0,16.0
136,A03 sun,2024-04-07T09:54:59.000,39.142328423,-84.496527839,94.0,0.0,0.0,0.0,16.0
137,A03 sun,2024-04-07T09:55:59.000,39.142328423,-84.496527839,94.0,0.0,0.0,0.0,16.0
138,A03 sun,2024-04-07T09:56:59.000,39.142328423,-84.496527839,94.0,0.0,0.0,0.0,16.0
139,A03 sun,2024-04-07T09:57:59.000,39.142328423,-84.496527839,94.0,0.0,0.0,0.0,16.0
140,A03 sun,2024-04-07T09:58:59.000,39.142328423,-84.496527839,94.0,0.0,0.0,0.0,16.0
141,A03 sun,2024-04-07T09:59:59.000,39.142328423,-84.496527839,94.0,0.06666667,0.06666667,0.06666667,16.0
142,A03 sun,2024-04-07T10:00:59.000,39.1422178,-84.496449043,94.0,0.0,0.0,0.0,16.0
143,A03 sun,2024-04-07T10:01:59.000,39.1422178,-84.496449043,94.0,0.0,0.0,0.0,16.0
144,A03 sun,2024-04-07T10:02:59.000,39.142295319,-84.496567424,94.0,0.0,0.0,0.0,16.0
145,A03 sun,2024-04-07T10:03:59.000,39.142295319,-84.496567424,93.88333,0.0,0.0,0.0,16.0
146,A03 sun,2024-04-07T10:04:59.000,39.142295319,-84.496567424,93.65,0.0,0.0,0.0,16.0
147,A03 sun,2024-04-07T10:05:59.000,39.142295319,-84.496567424,93.316666,0.0,0.0,0.0,16.0
148,A03 sun,2024-04-07T10:06:59.000,39.142295319,-84.496567424,93.11667,0.18333334,0.18333334,0.18333334,16.0
149,A03 sun,2024-04-07T10:07:59.000,39.142295319,-84.496567424,93.01667,0.0,0.0,0.0,16.0
150,A03 sun,2024-04-07T10:08:59.000,39.142295319,-84.496567424,93.0,0.0,0.0,0.0,16.0
151,A03 sun,2024-04-07T10:09:59.000,39.142295319,-84.496567424,93.0,0.06666667,0.06666667,0.06666667,16.0
152,A03 sun,2024-04-07T10:10:59.000,39.142295319,-84.496567424,93.0,0.0,0.0,0.0,16.0
153,A03 sun,2024-04-07T10:11:59.000,39.142295319,-84.496567424,93.0,0.0,0.0,0.0,16.0
154,A03 sun,2024-04-07T10:12:59.000,39.142295319,-84.496567424,93.0,0.0,0.0,0.0,16.0
155,A03 sun,2024-04-07T10:13:59.000,39.142295319,-84.496567424,93.0,0.0,0.0,0.0,16.0
156,A03 sun,2024-04-07T10:14:59.000,39.142295319,-84.496567424,93.0,0.0,0.0,0.0,16.0
157,A03 sun,2024-04-07T10:15:59.000,39.142295319,-84.496567424,93.0,0.0,0.0,0.0,16.016666
158,A03 sun,2024-04-07T10:16:59.000,39.142295319,-84.496567424,93.0,0.0,0.0,0.0,16.366667
159,A03 sun,2024-04-07T10:17:59.000,39.142295319,-84.496567424,93.0,0.0,0.0,0.0,16.7
160,A03 sun,2024-04-07T10:18:59.000,39.142295319,-84.496567424,93.0,0.0,0.0,0.0,16.55
161,A03 sun,2024-04-07T10:19:59.000,39.142295319,-84.496567424,93.0,0.0,0.0,0.0,16.666666
162,A03 sun,2024-04-07T10:20:59.000,39.142295319,-84.496567424,93.0,0.0,0.0,0.0,17.0
163,A03 sun,2024-04-07T10:21:59.000,39.142295319,-84.496567424,93.0,0.0,0.0,0.0,17.0
164,A03 sun,2024-04-07T10:22:59.000,39.142295319,-84.496567424,93.0,0.0,0.0,0.0,17.0
165,A03 sun,2024-04-07T10:23:59.000,39.142295319,-84.496567424,93.0,0.15,0.15,0.15,17.0
166,A03 sun,2024-04-07T10:24:59.000,39.142295319,-84.496567424,93.0,0.06666667,0.06666667,0.06666667,17.0
167,A03 sun,2024-04-07T10:25:59.000,39.142295319,-84.496567424,93.0,0.0,0.0,0.0,17.0
168,A03 sun,2024-04-07T10:26:59.000,39.142295319,-84.496567424,93.0,0.23333333,0.23333333,0.23333333,17.0
169,A03 sun,2024-04-07T10:27:59.000,39.142295319,-84.496567424,93.0,0.0,0.0,0.0,17.0
170,A03 sun,2024-04-07T10:28:59.000,39.142295319,-84.496567424,93.0,0.0,0.0,0.0,17.0
171,A03 sun,2024-04-07T10:29:59.000,39.142295319,-84.496567424,93.0,0.033333335,0.033333335,0.033333335,17.0
172,A03 sun,2024-04-07T10:30:59.000,39.142295319,-84.496567424,93.0,0.0,0.0,0.0,17.0
173,A03 sun,2024-04-07T10:31:59.000,39.142295319,-84.496567424,93.0,0.0,0.0,0.0,17.0
174,A03 sun,2024-04-07T10:32:59.000,39.142295319,-84.496567424,93.0,0.0,0.0,0.0,17.0
175,A03 sun,2024-04-07T10:33:59.000,39.142295319,-84.496567424,93.0,0.0,0.0,0.0,17.0
176,A03 sun,2024-04-07T10:34:59.000,39.142270644,-84.49641633,93.0,0.0,0.0,0.0,17.0
177,A03 sun,2024-04-07T10:35:59.000,39.142270644,-84.49641633,93.0,0.0,0.0,0.0,17.0
178,A03 sun,2024-04-07T10:36:59.000,39.142270644,-84.49641633,93.0,0.0,0.0,0.0,17.0
179,A03 sun,2024-04-07T10:37:59.000,39.142270644,-84.49641633,93.0,0.0,0.0,0.0,17.0
180,A03 sun,2024-04-07T10:38:59.000,39.142270644,-84.49641633,93.0,0.0,0.0,0.0,17.0
181,A03 sun,2024-04-07T10:39:59.000,39.142270644,-84.49641633,93.0,0.0,0.0,0.0,17.0
182,A03 sun,2024-04-07T10:40:59.000,39.142270644,-84.49641633,92.96667,0.0,0.0,0.0,17.0
183,A03 sun,2024-04-07T10:41:59.000,39.142238569,-84.496574231,92.566666,0.0,0.0,0.0,17.0
184,A03 sun,2024-04-07T10:42:59.000,39.142238569,-84.496574231,92.1,0.0,0.0,0.0,17.0
185,A03 sun,2024-04-07T10:43:59.000,39.142238569,-84.496574231,92.0,0.0,0.0,0.0,17.0
186,A03 sun,2024-04-07T10:44:59.000,39.142238569,-84.496574231,92.0,0.0,0.0,0.0,17.0
187,A03 sun,2024-04-07T10:45:59.000,39.142238569,-84.496574231,92.0,0.0,0.0,0.0,17.0
188,A03 sun,2024-04-07T10:46:59.000,39.142238569,-84.496574231,92.0,0.0,0.0,0.0,17.0
189,A03 sun,2024-04-07T10:47:59.000,39.142238569,-84.496574231,92.0,0.0,0.0,0.0,17.0
190,A03 sun,2024-04-07T10:48:59.000,39.142238569,-84.496574231,91.9,0.0,0.0,0.0,17.0
191,A03 sun,2024-04-07T10:49:59.000,39.142238569,-84.496574231,91.0,0.0,0.0,0.0,17.0
192,A03 sun,2024-04-07T10:50:59.000,39.142333768,-84.496478486,91.0,0.0,0.0,0.0,17.0
193,A03 sun,2024-04-07T10:51:59.000,39.142333768,-84.496478486,91.0,0.0,0.0,0.0,17.0
194,A03 sun,2024-04-07T10:52:59.000,39.142333768,-84.496478486,91.0,0.0,0.0,0.0,17.0
195,A03 sun,2024-04-07T10:53:59.000,39.142333768,-84.496478486,91.0,0.0,0.0,0.0,17.25
196,A03 sun,2024-04-07T10:54:59.000,39.142232031,-84.496553761,91.0,0.0,0.0,0.0,18.0
197,A03 sun,2024-04-07T10:55:59.000,39.142232031,-84.496553761,90.95,0.0,0.0,0.0,18.0
198,A03 sun,2024-04-07T10:56:59.000,39.142232031,-84.496553761,90.78333,0.0,0.0,0.0,18.0
199,A03 sun,2024-04-07T10:57:59.000,39.142232031,-84.496553761,90.166664,0.0,0.0,0.0,18.0
200,A03 sun,2024-04-07T10:58:59.000,39.142232031,-84.496553761,90.03333,0.0,0.0,0.0,18.0
201,A03 sun,2024-04-07T10:59:59.000,39.142232031,-84.496553761,90.0,0.0,0.0,0.0,18.0
202,A03 sun,2024-04-07T11:00:59.000,39.142232031,-84.496553761,90.0,0.0,0.0,0.0,18.0
203,A03 sun,2024-04-07T11:01:59.000,39.142232031,-84.496553761,90.0,0.0,0.0,0.0,18.0
204,A03 sun,2024-04-07T11:02:59.000,39.142232031,-84.496553761,90.0,0.0,0.0,0.0,18.0
205,A03 sun,2024-04-07T11:03:59.000,39.142232031,-84.496553761,90.0,0.0,0.0,0.0,18.0
206,A03 sun,2024-04-07T11:04:59.000,39.142232031,-84.496553761,90.0,0.0,0.0,0.0,18.0
207,A03 sun,2024-04-07T11:05:59.000,39.142232031,-84.496553761,90.0,0.0,0.0,0.0,18.0
208,A03 sun,2024-04-07T11:06:59.000,39.142232031,-84.496553761,90.0,0.0,0.0,0.0,18.0
209,A03 sun,2024-04-07T11:07:59.000,39.142232031,-84.496553761,90.0,0.0,0.0,0.0,18.0
210,A03 sun,2024-04-07T11:08:59.000,39.142232031,-84.496553761,90.0,0.0,0.0,0.0,18.0
211,A03 sun,2024-04-07T11:09:59.000,39.142232031,-84.496553761,90.0,0.0,0.0,0.0,18.0
212,A03 sun,2024-04-07T11:10:59.000,39.142313793,-84.496432263,90.0,0.0,0.0,0.0,18.0
213,A03 sun,2024-04-07T11:11:59.000,39.142187325,-84.496480909,90.0,0.0,0.0,0.0,18.0
214,A03 sun,2024-04-07T11:12:59.000,39.142187325,-84.496480909,90.0,0.0,0.0,0.0,18.0
215,A03 sun,2024-04-07T11:13:59.000,39.142187325,-84.496480909,90.0,0.0,0.0,0.0,18.0
216,A03 sun,2024-04-07T11:14:59.000,39.142316088,-84.496445054,90.0,0.0,0.0,0.0,18.0
217,A03 sun,2024-04-07T11:15:59.000,39.142316088,-84.496445054,90.0,0.0,0.0,0.0,18.0
218,A03 sun,2024-04-07T11:16:59.000,39.142227359,-84.496548467,90.0,0.0,0.0,0.0,18.0
219,A03 sun,2024-04-07T11:17:59.000,39.142227359,-84.496548467,90.0,0.0,0.0,0.0,18.0
220,A03 sun,2024-04-07T11:18:59.000,39.142227359,-84.496548467,90.0,0.0,0.0,0.0,18.0
221,A03 sun,2024-04-07T11:19:59.000,39.142227359,-84.496548467,90.0,0.0,0.0,0.0,18.0
222,A03 sun,2024-04-07T11:20:59.000,39.142227359,-84.496548467,90.0,0.0,0.0,0.0,18.0
223,A03 sun,2024-04-07T11:21:59.000,39.142227359,-84.496548467,90.0,0.0,0.0,0.0,18.0
224,A03 sun,2024-04-07T11:22:59.000,39.142227359,-84.496548467,90.0,0.0,0.0,0.0,18.0
225,A03 sun,2024-04-07T11:23:59.000,39.142227359,-84.496548467,90.0,0.0,0.0,0.0,18.0
226,A03 sun,2024-04-07T11:24:59.000,39.142227359,-84.496548467,90.0,0.0,0.0,0.0,18.0
227,A03 sun,2024-04-07T11:25:59.000,39.142227359,-84.496548467,90.0,0.0,0.0,0.0,18.0
228,A03 sun,2024-04-07T11:26:59.000,39.142227359,-84.496548467,90.0,0.0,0.0,0.0,18.0
229,A03 sun,2024-04-07T11:27:59.000,39.142227359,-84.496548467,90.0,0.0,0.0,0.0,18.0
230,A03 sun,2024-04-07T11:28:59.000,39.142227359,-84.496548467,90.0,0.0,0.0,0.0,18.0
231,A03 sun,2024-04-07T11:29:59.000,39.142227359,-84.496548467,90.0,0.0,0.0,0.0,18.0
232,A03 sun,2024-04-07T11:30:59.000,39.142227359,-84.496548467,90.0,0.0,0.0,0.0,18.0
233,A03 sun,2024-04-07T11:31:59.000,39.142227359,-84.496548467,90.0,0.0,0.0,0.0,18.0
234,A03 sun,2024-04-07T11:32:59.000,39.142227359,-84.496548467,90.0,0.0,0.0,0.0,18.0
235,A03 sun,2024-04-07T11:33:59.000,39.142227359,-84.496548467,90.0,0.0,0.0,0.0,18.0
236,A03 sun,2024-04-07T11:34:59.000,39.142227359,-84.496548467,90.0,0.0,0.0,0.0,18.0
237,A03 sun,2024-04-07T11:35:59.000,39.142227359,-84.496548467,90.0,0.0,0.0,0.0,18.0
238,A03 sun,2024-04-07T11:36:59.000,39.142227359,-84.496548467,90.0,0.0,0.0,0.0,18.0
239,A03 sun,2024-04-07T11:37:59.000,39.142227359,-84.496548467,90.0,0.0,0.0,0.0,18.0
240,A03 sun,2024-04-07T11:38:59.000,39.142227359,-84.496548467,90.0,0.0,0.0,0.0,18.0
241,A03 sun,2024-04-07T11:39:59.000,39.142227359,-84.496548467,90.0,0.0,0.0,0.0,18.0
242,A03 sun,2024-04-07T11:40:59.000,39.142227359,-84.496548467,90.0,0.0,0.0,0.0,18.0
243,A03 sun,2024-04-07T11:41:59.000,39.142227359,-84.496548467,90.0,0.0,0.0,0.0,18.0
244,A03 sun,2024-04-07T11:42:59.000,39.142227359,-84.496548467,90.0,0.0,0.0,0.0,18.0
245,A03 sun,2024-04-07T11:43:59.000,39.142227359,-84.496548467,90.0,0.0,0.0,0.0,18.0
246,A03 sun,2024-04-07T11:44:59.000,39.142227359,-84.496548467,90.0,0.0,0.0,0.0,18.0
247,A03 sun,2024-04-07T11:45:59.000,39.142227359,-84.496548467,90.0,0.0,0.0,0.0,18.0
248,A03 sun,2024-04-07T11:46:59.000,39.142227359,-84.496548467,90.0,0.0,0.0,0.0,18.0
249,A03 sun,2024-04-07T11:47:59.000,39.142227359,-84.496548467,90.0,0.0,0.0,0.0,18.0
250,A03 sun,2024-04-07T11:48:59.000,39.142227359,-84.496548467,90.0,0.0,0.0,0.0,18.0
251,A03 sun,2024-04-07T11:49:59.000,39.142227359,-84.496548467,90.0,0.0,0.0,0.0,18.0
252,A03 sun,2024-04-07T11:50:59.000,39.142227359,-84.496548467,90.0,0.0,0.0,0.0,18.0
253,A03 sun,2024-04-07T11:51:59.000,39.142227359,-84.496548467,90.0,0.0,0.0,0.0,18.0
254,A03 sun,2024-04-07T11:52:59.000,39.142227359,-84.496548467,90.0,0.0,0.0,0.0,18.0
255,A03 sun,2024-04-07T11:53:59.000,39.142227359,-84.496548467,90.0,0.0,0.0,0.0,18.0
256,A03 sun,2024-04-07T11:54:59.000,39.142227359,-84.496548467,90.0,0.0,0.0,0.0,18.0
257,A03 sun,2024-04-07T11:55:59.000,39.142227359,-84.496548467,90.0,0.0,0.0,0.0,18.0
258,A03 sun,2024-04-07T11:56:59.000,39.142227359,-84.496548467,90.0,0.0,0.0,0.0,18.0
259,A03 sun,2024-04-07T11:57:59.000,39.142227359,-84.496548467,90.0,0.0,0.0,0.0,18.0
260,A03 sun,2024-04-07T11:58:59.000,39.142227359,-84.496548467,90.0,0.0,0.0,0.0,18.0
261,A03 sun,2024-04-07T11:59:59.000,39.142227359,-84.496548467,90.0,0.0,0.0,0.0,18.0
262,A03 sun,2024-04-07T12:00:59.000,39.142227359,-84.496548467,90.0,0.0,0.0,0.0,18.0
263,A03 sun,2024-04-07T12:01:59.000,39.142227359,-84.496548467,90.0,0.0,0.0,0.0,18.0
264,A03 sun,2024-04-07T12:02:59.000,39.142227359,-84.496548467,90.0,0.0,0.0,0.0,18.0
265,A03 sun,2024-04-07T12:03:59.000,39.142227359,-84.496548467,90.0,0.0,0.0,0.0,18.0
266,A03 sun,2024-04-07T12:04:59.000,39.142227359,-84.496548467,90.0,0.0,0.0,0.0,18.0
267,A03 sun,2024-04-07T12:05:59.000,39.142227359,-84.496548467,90.0,0.0,0.0,0.0,18.0
268,A03 sun,2024-04-07T12:06:59.000,39.142227359,-84.496548467,90.0,0.0,0.0,0.0,18.0
269,A03 sun,2024-04-07T12:07:59.000,39.142227359,-84.496548467,90.0,0.0,0.0,0.0,18.0
270,A03 sun,2024-04-07T12:08:59.000,39.142227359,-84.496548467,90.0,0.0,0.0,0.0,18.0
271,A03 sun,2024-04-07T12:09:59.000,39.142227359,-84.496548467,90.0,0.0,0.0,0.0,18.0
272,A03 sun,2024-04-07T12:10:59.000,39.142227359,-84.496548467,90.0,0.0,0.0,0.0,18.0
273,A03 sun,2024-04-07T12:11:59.000,39.142227359,-84.496548467,90.0,0.0,0.0,0.0,18.0
274,A03 sun,2024-04-07T12:12:59.000,39.142227359,-84.496548467,90.0,0.0,0.0,0.0,18.0
275,A03 sun,2024-04-07T12:13:59.000,39.142227359,-84.496548467,90.0,0.0,0.0,0.0,18.0
276,A03 sun,2024-04-07T12:14:59.000,39.142227359,-84.496548467,90.0,0.0,0.0,0.0,18.0
277,A03 sun,2024-04-07T12:15:59.000,39.142227359,-84.496548467,90.0,0.0,0.0,0.0,18.0
278,A03 sun,2024-04-07T12:16:59.000,39.142227359,-84.496548467,90.0,0.0,0.0,0.0,18.0
279,A03 sun,2024-04-07T12:17:59.000,39.142339446,-84.496462349,90.0,0.0,0.0,0.0,18.0
280,A03 sun,2024-04-07T12:18:59.000,39.142339446,-84.496462349,90.0,0.0,0.0,0.0,18.0
281,A03 sun,2024-04-07T12:19:59.000,39.142339446,-84.496462349,90.0,0.0,0.0,0.0,18.0
282,A03 sun,2024-04-07T12:20:59.000,39.142339446,-84.496462349,90.0,0.0,0.0,0.0,18.0
283,A03 sun,2024-04-07T12:21:59.000,39.14221693,-84.496514277,90.0,0.0,0.0,0.0,18.0
284,A03 sun,2024-04-07T12:22:59.000,39.14221693,-84.496514277,90.0,0.0,0.0,0.0,18.0
285,A03 sun,2024-04-07T12:23:59.000,39.14221693,-84.496514277,90.0,0.0,0.0,0.0,18.0
286,A03 sun,2024-04-07T12:24:59.000,39.14221693,-84.496514277,90.0,0.0,0.0,0.0,18.0
287,A03 sun,2024-04-07T12:25:59.000,39.14221693,-84.496514277,90.0,0.0,0.0,0.0,18.0
288,A03 sun,2024-04-07T12:26:59.000,39.14221693,-84.496514277,90.0,0.0,0.0,0.0,18.0
289,A03 sun,2024-04-07T12:27:59.000,39.14221693,-84.496514277,90.0,0.0,0.0,0.0,18.0
290,A03 sun,2024-04-07T12:28:59.000,39.14221693,-84.496514277,90.0,0.0,0.0,0.0,18.0
291,A03 sun,2024-04-07T12:29:59.000,39.14221693,-84.496514277,90.0,0.0,0.0,0.0,18.0
292,A03 sun,2024-04-07T12:30:59.000,39.14221693,-84.496514277,90.0,0.0,0.0,0.0,18.0
293,A03 sun,2024-04-07T12:31:59.000,39.14221693,-84.496514277,90.0,0.0,0.0,0.0,18.0
294,A03 sun,2024-04-07T12:32:59.000,39.14221693,-84.496514277,90.0,0.0,0.0,0.0,18.0
295,A03 sun,2024-04-07T12:33:59.000,39.14221693,-84.496514277,90.0,0.0,0.0,0.0,18.0
296,A03 sun,2024-04-07T12:34:59.000,39.14221693,-84.496514277,90.0,0.0,0.0,0.0,18.0
297,A03 sun,2024-04-07T12:35:59.000,39.14221693,-84.496514277,90.0,0.0,0.0,0.0,18.0
298,A03 sun,2024-04-07T12:36:59.000,39.14221693,-84.496514277,90.0,0.0,0.0,0.0,18.0
299,A03 sun,2024-04-07T12:37:59.000,39.14221693,-84.496514277,90.0,0.0,0.0,0.0,18.0
300,A03 sun,2024-04-07T12:38:59.000,39.14221693,-84.496514277,90.0,0.0,0.0,0.0,18.0
301,A03 sun,2024-04-07T12:39:59.000,39.14221693,-84.496514277,90.0,0.0,0.0,0.0,18.0
302,A03 sun,2024-04-07T12:40:59.000,39.14221693,-84.496514277,90.0,0.0,0.0,0.0,18.0
303,A03 sun,2024-04-07T12:41:59.000,39.14221693,-84.496514277,90.0,0.0,0.0,0.0,18.0
304,A03 sun,2024-04-07T12:42:59.000,39.14221693,-84.496514277,90.0,0.0,0.0,0.0,18.0
305,A03 sun,2024-04-07T12:43:59.000,39.14221693,-84.496514277,90.0,0.0,0.0,0.0,18.0
306,A03 sun,2024-04-07T12:44:59.000,39.14221693,-84.496514277,90.0,0.0,0.0,0.0,18.0
307,A03 sun,2024-04-07T12:45:59.000,39.14221693,-84.496514277,90.0,0.0,0.0,0.0,18.0
308,A03 sun,2024-04-07T12:46:59.000,39.14221693,-84.496514277,90.0,0.0,0.0,0.0,18.0
309,A03 sun,2024-04-07T12:47:59.000,39.14221693,-84.496514277,90.0,0.0,0.0,0.0,18.0
310,A03 sun,2024-04-07T12:48:59.000,39.14221693,-84.496514277,90.0,0.0,0.0,0.0,18.0
311,A03 sun,2024-04-07T12:49:59.000,39.14221693,-84.496514277,90.0,0.0,0.0,0.0,18.0
312,A03 sun,2024-04-07T12:50:59.000,39.14221693,-84.496514277,90.0,0.0,0.0,0.0,18.0
313,A03 sun,2024-04-07T12:51:59.000,39.14221693,-84.496514277,90.0,0.0,0.0,0.0,18.0
314,A03 sun,2024-04-07T12:52:59.000,39.14221693,-84.496514277,90.0,0.0,0.0,0.0,18.0
315,A03 sun,2024-04-07T12:53:59.000,39.14221693,-84.496514277,90.0,0.0,0.0,0.0,18.0
316,A03 sun,2024-04-07T12:54:59.000,39.14221693,-84.496514277,90.0,0.0,0.0,0.0,18.0
317,A03 sun,2024-04-07T12:55:59.000,39.14221693,-84.496514277,90.0,0.0,0.0,0.0,18.0
318,A03 sun,2024-04-07T12:56:59.000,39.14221693,-84.496514277,90.0,0.0,0.0,0.0,18.0
319,A03 sun,2024-04-07T12:57:59.000,39.14221693,-84.496514277,90.0,0.0,0.0,0.0,18.0
320,A03 sun,2024-04-07T12:58:59.000,39.14221693,-84.496514277,90.0,0.0,0.0,0.0,18.0
321,A03 sun,2024-04-07T12:59:59.000,39.14221693,-84.496514277,90.0,0.0,0.0,0.0,18.0
322,A03 sun,2024-04-07T13:00:59.000,39.14221693,-84.496514277,90.0,0.0,0.0,0.0,18.0
323,A03 sun,2024-04-07T13:01:59.000,39.14221693,-84.496514277,90.0,0.0,0.0,0.0,18.0
324,A03 sun,2024-04-07T13:02:59.000,39.14221693,-84.496514277,89.98333,0.0,0.0,0.0,18.0
325,A03 sun,2024-04-07T13:03:59.000,39.14221693,-84.496514277,90.0,0.0,0.0,0.0,18.0
326,A03 sun,2024-04-07T13:04:59.000,39.14221693,-84.496514277,89.95,0.0,0.0,0.0,18.0
327,A03 sun,2024-04-07T13:05:59.000,39.14221693,-84.496514277,89.98333,0.0,0.0,0.0,18.2
328,A03 sun,2024-04-07T13:06:59.000,39.14221693,-84.496514277,90.0,0.0,0.0,0.0,19.0
329,A03 sun,2024-04-07T13:07:59.000,39.14221693,-84.496514277,89.98333,0.0,0.0,0.0,19.0
330,A03 sun,2024-04-07T13:08:59.000,39.14221693,-84.496514277,89.95,0.0,0.0,0.0,19.0
331,A03 sun,2024-04-07T13:09:59.000,39.14221693,-84.496514277,89.88333,0.0,0.0,0.0,19.0
332,A03 sun,2024-04-07T13:10:59.000,39.14221693,-84.496514277,89.9,0.0,0.0,0.0,19.0
333,A03 sun,2024-04-07T13:11:59.000,39.14221693,-84.496514277,89.96667,0.0,0.0,0.0,19.0
334,A03 sun,2024-04-07T13:12:59.000,39.14221693,-84.496514277,90.0,0.0,0.0,0.0,19.0
335,A03 sun,2024-04-07T13:13:59.000,39.14221693,-84.496514277,90.0,0.0,0.0,0.0,19.966667
336,A03 sun,2024-04-07T13:14:59.000,39.14221693,-84.496514277,90.0,0.0,0.0,0.0,20.0
337,A03 sun,2024-04-07T13:15:59.000,39.14221693,-84.496514277,90.0,0.0,0.0,0.0,20.016666
338,A03 sun,2024-04-07T13:16:59.000,39.14221693,-84.496514277,90.0,0.0,0.0,0.0,20.8
339,A03 sun,2024-04-07T13:17:59.000,39.14221693,-84.496514277,90.0,0.0,0.0,0.0,21.883333
340,A03 sun,2024-04-07T13:18:59.000,39.14221693,-84.496514277,90.05,0.0,0.0,0.0,22.65
341,A03 sun,2024-04-07T13:19:59.000,39.14221693,-84.496514277,90.78333,0.0,0.0,0.0,23.0
342,A03 sun,2024-04-07T13:20:59.000,39.14221693,-84.496514277,91.0,0.0,0.0,0.0,23.183332
343,A03 sun,2024-04-07T13:21:59.000,39.14221693,-84.496514277,91.0,0.0,0.0,0.0,24.433332
344,A03 sun,2024-04-07T13:22:59.000,39.14221693,-84.496514277,91.0,0.0,0.0,0.0,24.866667
345,A03 sun,2024-04-07T13:23:59.000,39.14221693,-84.496514277,91.01667,1.95,2.3833334,2.1333334,25.666666
346,A03 sun,2024-04-07T13:24:59.000,39.14221693,-84.496514277,91.9,3.6,4.4166665,4.116667,26.116667
347,A03 sun,2024-04-07T13:25:59.000,39.14221693,-84.496514277,92.0,6.45,7.6,7.233333,26.0
348,A03 sun,2024-04-07T13:26:59.000,39.14221693,-84.496514277,92.0,8.65,10.133333,9.416667,25.616667
349,A03 sun,2024-04-07T13:27:59.000,39.14221693,-84.496514277,92.0,9.333333,10.533334,10.15,25.566668
350,A03 sun,2024-04-07T13:28:59.000,39.14221693,-84.496514277,92.7,9.95,11.1,10.6,26.083334
351,A03 sun,2024-04-07T13:29:59.000,39.14221693,-84.496514277,93.0,8.366667,9.75,9.166667,26.0
352,A03 sun,2024-04-07T13:30:59.000,39.14221693,-84.496514277,93.0,5.0,5.95,5.9,25.916666
353,A03 sun,2024-04-07T13:31:59.000,39.14221693,-84.496514277,93.0,3.8166666,4.8,4.55,25.6
354,A03 sun,2024-04-07T13:32:59.000,39.14221693,-84.496514277,93.0,3.5333333,4.35,4.0666666,25.1
355,A03 sun,2024-04-07T13:33:59.000,39.14221693,-84.496514277,93.0,1.5,1.6166667,1.5,24.316668
356,A03 sun,2024-04-07T13:34:59.000,39.14221693,-84.496514277,93.63333,1.7277777,1.7277777,1.7277777,23.433332
357,A03 sun,2024-04-07T13:35:59.000,39.14221693,-84.496514277,94.0,1.6958333,1.6958333,1.6958333,23.0
358,A03 sun,2024-04-07T13:36:59.000,39.14221693,-84.496514277,94.0,1.1,1.1,1.1,22.45
359,A03 sun,2024-04-07T13:37:59.000,39.14221693,-84.496514277,94.0,1.0833334,1.0833334,1.0833334,22.0
360,A03 sun,2024-04-07T13:38:59.000,39.14221693,-84.496514277,94.0,1.1166667,1.1166667,1.1166667,22.516666
361,A03 sun,2024-04-07T13:39:59.000,39.14221693,-84.496514277,94.0,0.55,0.55,0.55,22.983334
362,A03 sun,2024-04-07T13:40:59.000,39.14221693,-84.496514277,94.0,1.05,1.05,1.05,22.8
363,A03 sun,2024-04-07T13:41:59.000,39.14221693,-84.496514277,94.0,1.0,1.0,1.0,22.0
364,A03 sun,2024-04-07T13:42:59.000,39.14234472,-84.496506211,94.03333,0.56666666,0.56666666,0.56666666,21.55
365,A03 sun,2024-04-07T13:43:59.000,39.14234472,-84.496506211,94.13333,0.4,0.4,0.4,21.0
366,A03 sun,2024-04-07T13:44:59.000,39.14234472,-84.496506211,94.3,0.26666668,0.26666668,0.26666668,21.0
367,A03 sun,2024-04-07T13:45:59.000,39.14234472,-84.496506211,94.45,0.15,0.15,0.15,21.0
368,A03 sun,2024-04-07T13:46:59.000,39.14234472,-84.496506211,94.65,0.06666667,0.06666667,0.06666667,21.0
369,A03 sun,2024-04-07T13:47:59.000,39.142256314,-84.49646502,94.63333,0.41666666,0.41666666,0.41666666,21.0
370,A03 sun,2024-04-07T13:48:59.000,39.142256314,-84.49646502,94.71667,0.6,0.6,0.6,21.0
371,A03 sun,2024-04-07T13:49:59.000,39.142256314,-84.49646502,94.916664,0.016666668,0.016666668,0.016666668,21.0
372,A03 sun,2024-04-07T13:50:59.000,39.142256314,-84.49646502,94.916664,0.05,0.05,0.05,21.0
373,A03 sun,2024-04-07T13:51:59.000,39.142256314,-84.49646502,94.96667,0.48333332,0.48333332,0.48333332,21.0
374,A03 sun,2024-04-07T13:52:59.000,39.142256314,-84.49646502,94.86667,0.0,0.0,0.0,20.4
375,A03 sun,2024-04-07T13:53:59.000,39.142375542,-84.496560529,94.88333,0.083333336,0.083333336,0.083333336,20.883333
376,A03 sun,2024-04-07T13:54:59.000,39.142375542,-84.496560529,94.933334,0.016666668,0.016666668,0.016666668,20.566668
377,A03 sun,2024-04-07T13:55:59.000,39.142375542,-84.496560529,94.833336,0.016666668,0.016666668,0.016666668,20.0
378,A03 sun,2024-04-07T13:56:59.000,39.142375542,-84.496560529,94.61667,0.0,0.0,0.0,20.0
379,A03 sun,2024-04-07T13:57:59.000,39.142375542,-84.496560529,94.566666,0.0,0.0,0.0,20.0
380,A03 sun,2024-04-07T13:58:59.000,39.142375542,-84.496560529,94.36667,0.0,0.0,0.0,20.0
381,A03 sun,2024-04-07T13:59:59.000,39.142375542,-84.496560529,94.2,0.0,0.0,0.0,20.0
382,A03 sun,2024-04-07T14:00:59.000,39.142375542,-84.496560529,94.13333,0.0,0.0,0.0,20.0
383,A03 sun,2024-04-07T14:01:59.000,39.142375542,-84.496560529,94.03333,0.0,0.0,0.0,20.0
384,A03 sun,2024-04-07T14:02:59.000,39.142375542,-84.496560529,94.0,0.05,0.05,0.05,20.0
385,A03 sun,2024-04-07T14:03:59.000,39.142375542,-84.496560529,94.0,0.083333336,0.083333336,0.083333336,20.0
386,A03 sun,2024-04-07T14:04:59.000,39.142375542,-84.496560529,94.0,0.0,0.0,0.0,20.0
387,A03 sun,2024-04-07T14:05:59.000,39.142375542,-84.496560529,94.0,0.0,0.0,0.0,20.0
388,A03 sun,2024-04-07T14:06:59.000,39.142282784,-84.496437781,94.0,0.1,0.1,0.1,20.0
389,A03 sun,2024-04-07T14:07:59.000,39.142282784,-84.496437781,94.0,0.0,0.0,0.0,20.0
390,A03 sun,2024-04-07T14:08:59.000,39.142282784,-84.496437781,94.0,0.06666667,0.06666667,0.06666667,20.0
391,A03 sun,2024-04-07T14:09:59.000,39.142282784,-84.496437781,94.0,0.033333335,0.033333335,0.033333335,20.0
392,A03 sun,2024-04-07T14:10:59.000,39.142282784,-84.496437781,94.0,0.3,0.3,0.3,20.0
393,A03 sun,2024-04-07T14:11:59.000,39.142282784,-84.496437781,94.0,0.0,0.0,0.0,20.0
394,A03 sun,2024-04-07T14:12:59.000,39.142326797,-84.496599489,94.0,0.06666667,0.06666667,0.06666667,20.0
395,A03 sun,2024-04-07T14:13:59.000,39.142326797,-84.496599489,94.0,0.28333333,0.28333333,0.28333333,20.0
396,A03 sun,2024-04-07T14:14:59.000,39.142326797,-84.496599489,94.0,0.0,0.0,0.0,20.0
397,A03 sun,2024-04-07T14:15:59.000,39.142326797,-84.496599489,94.0,0.033333335,0.033333335,0.033333335,20.0
398,A03 sun,2024-04-07T14:16:59.000,39.142250924,-84.496446233,93.96667,0.16666667,0.16666667,0.16666667,20.0
399,A03 sun,2024-04-07T14:17:59.000,39.142250924,-84.496446233,93.76667,0.0,0.0,0.0,20.0
400,A03 sun,2024-04-07T14:18:59.000,39.142250924,-84.496446233,93.21667,0.033333335,0.033333335,0.033333335,20.0
401,A03 sun,2024-04-07T14:19:59.000,39.142250924,-84.496446233,93.333336,0.033333335,0.033333335,0.033333335,20.0
402,A03 sun,2024-04-07T14:20:59.000,39.142250924,-84.496446233,94.0,0.0,0.0,0.0,20.0
403,A03 sun,2024-04-07T14:21:59.000,39.142250924,-84.496446233,94.0,0.0,0.0,0.0,20.0
404,A03 sun,2024-04-07T14:22:59.000,39.142250924,-84.496446233,94.0,0.06666667,0.06666667,0.06666667,20.0
405,A03 sun,2024-04-07T14:23:59.000,39.142250924,-84.496446233,94.0,0.21666667,0.21666667,0.21666667,20.0
406,A03 sun,2024-04-07T14:24:59.000,39.142250924,-84.496446233,94.0,0.0,0.0,0.0,20.0
407,A03 sun,2024-04-07T14:25:59.000,39.142250924,-84.496446233,94.0,0.0,0.0,0.0,20.0
408,A03 sun,2024-04-07T14:26:59.000,39.142250924,-84.496446233,94.0,0.13333334,0.13333334,0.13333334,20.0
409,A03 sun,2024-04-07T14:27:59.000,39.142250924,-84.496446233,94.0,0.0,0.0,0.0,20.0
410,A03 sun,2024-04-07T14:28:59.000,39.142250924,-84.496446233,94.0,0.0,0.0,0.0,20.0
411,A03 sun,2024-04-07T14:29:59.000,39.142250924,-84.496446233,94.0,0.033333335,0.033333335,0.033333335,20.0
412,A03 sun,2024-04-07T14:30:59.000,39.142250924,-84.496446233,94.0,0.11666667,0.11666667,0.11666667,20.0
413,A03 sun,2024-04-07T14:31:59.000,39.142250924,-84.496446233,94.0,0.0,0.0,0.0,19.966667
414,A03 sun,2024-04-07T14:32:59.000,39.142250924,-84.496446233,94.0,0.0,0.0,0.0,19.95
415,A03 sun,2024-04-07T14:33:59.000,39.142250924,-84.496446233,94.0,0.0,0.0,0.0,19.983334
416,A03 sun,2024-04-07T14:34:59.000,39.142250924,-84.496446233,94.0,0.0,0.0,0.0,19.583334
417,A03 sun,2024-04-07T14:35:59.000,39.142250924,-84.496446233,94.0,0.0,0.0,0.0,19.0
418,A03 sun,2024-04-07T14:36:59.000,39.142250924,-84.496446233,94.0,0.21666667,0.21666667,0.21666667,19.0
419,A03 sun,2024-04-07T14:37:59.000,39.142250924,-84.496446233,94.0,0.06666667,0.06666667,0.06666667,19.0
420,A03 sun,2024-04-07T14:38:59.000,39.142250924,-84.496446233,94.0,0.0,0.0,0.0,19.0
421,A03 sun,2024-04-07T14:39:59.000,39.142250924,-84.496446233,94.0,0.0,0.0,0.0,19.0
422,A03 sun,2024-04-07T14:40:59.000,39.142250924,-84.496446233,94.0,0.083333336,0.083333336,0.083333336,19.0
423,A03 sun,2024-04-07T14:41:59.000,39.142250924,-84.496446233,94.0,0.0,0.0,0.0,19.0
424,A03 sun,2024-04-07T14:42:59.000,39.142250924,-84.496446233,94.0,0.0,0.0,0.0,19.0
425,A03 sun,2024-04-07T14:43:59.000,39.142250924,-84.496446233,94.0,0.0,0.0,0.0,19.0
426,A03 sun,2024-04-07T14:44:59.000,39.142250924,-84.496446233,94.0,0.0,0.0,0.0,19.0
427,A03 sun,2024-04-07T14:45:59.000,39.142250924,-84.496446233,94.0,0.0,0.0,0.0,19.0
428,A03 sun,2024-04-07T14:46:59.000,39.142250924,-84.496446233,94.0,0.0,0.0,0.0,19.0
429,A03 sun,2024-04-07T14:47:59.000,39.142250924,-84.496446233,94.0,0.0,0.0,0.0,19.0
430,A03 sun,2024-04-07T14:48:59.000,39.142250924,-84.496446233,94.0,0.13333334,0.13333334,0.13333334,19.0
431,A03 sun,2024-04-07T14:49:59.000,39.142250924,-84.496446233,94.0,0.0,0.0,0.0,19.0
432,A03 sun,2024-04-07T14:50:59.000,39.142250924,-84.496446233,94.0,0.0,0.0,0.0,19.0
433,A03 sun,2024-04-07T14:51:59.000,39.142250924,-84.496446233,94.0,0.0,0.0,0.0,19.0
434,A03 sun,2024-04-07T14:52:59.000,39.142250924,-84.496446233,94.0,0.0,0.0,0.0,19.0
435,A03 sun,2024-04-07T14:53:59.000,39.142250924,-84.496446233,94.0,0.0,0.0,0.0,19.0
436,A03 sun,2024-04-07T14:54:59.000,39.142250924,-84.496446233,94.0,0.0,0.0,0.0,19.0
437,A03 sun,2024-04-07T14:55:59.000,39.142250924,-84.496446233,94.0,0.0,0.0,0.0,19.0
438,A03 sun,2024-04-07T14:56:59.000,39.142250924,-84.496446233,94.0,0.23333333,0.23333333,0.23333333,19.0
439,A03 sun,2024-04-07T14:57:59.000,39.142250924,-84.496446233,94.0,0.0,0.0,0.0,19.0
440,A03 sun,2024-04-07T14:58:59.000,39.142250924,-84.496446233,94.0,0.0,0.0,0.0,19.0
441,A03 sun,2024-04-07T14:59:59.000,39.142250924,-84.496446233,94.0,0.0,0.0,0.0,19.0
442,A03 sun,2024-04-07T15:00:59.000,39.142250924,-84.496446233,94.0,0.0,0.0,0.0,19.0
443,A03 sun,2024-04-07T15:01:59.000,39.142250924,-84.496446233,94.0,0.0,0.0,0.0,19.0
444,A03 sun,2024-04-07T15:02:59.000,39.142250924,-84.496446233,94.0,0.0,0.0,0.0,19.0
445,A03 sun,2024-04-07T15:03:59.000,39.142250924,-84.496446233,94.0,0.0,0.0,0.0,19.0
446,A03 sun,2024-04-07T15:04:59.000,39.142250924,-84.496446233,94.0,0.0,0.0,0.0,19.0
447,A03 sun,2024-04-07T15:05:59.000,39.142250924,-84.496446233,94.0,0.0,0.0,0.0,19.0
448,A03 sun,2024-04-07T15:06:59.000,39.142250924,-84.496446233,94.0,0.0,0.0,0.0,19.0
449,A03 sun,2024-04-07T15:07:59.000,39.142250924,-84.496446233,94.0,0.0,0.0,0.0,19.0
450,A03 sun,2024-04-07T15:08:59.000,39.142250924,-84.496446233,94.0,0.0,0.0,0.0,19.0
451,A03 sun,2024-04-07T15:09:59.000,39.142250924,-84.496446233,94.0,0.0,0.0,0.0,19.0
452,A03 sun,2024-04-07T15:10:59.000,39.142250924,-84.496446233,94.0,0.0,0.0,0.0,19.0
453,A03 sun,2024-04-07T15:11:59.000,39.142250924,-84.496446233,94.0,0.0,0.0,0.0,19.0
454,A03 sun,2024-04-07T15:12:59.000,39.142250924,-84.496446233,93.98333,0.0,0.0,0.0,19.0
455,A03 sun,2024-04-07T15:13:59.000,39.142250924,-84.496446233,94.0,0.0,0.0,0.0,19.0
456,A03 sun,2024-04-07T15:14:59.000,39.142250924,-84.496446233,94.0,0.11666667,0.11666667,0.11666667,19.0
457,A03 sun,2024-04-07T15:15:59.000,39.142250924,-84.496446233,93.96667,0.0,0.0,0.0,19.0
458,A03 sun,2024-04-07T15:16:59.000,39.142250924,-84.496446233,93.933334,0.0,0.0,0.0,19.0
459,A03 sun,2024-04-07T15:17:59.000,39.142250924,-84.496446233,93.833336,0.1,0.1,0.1,19.0
460,A03 sun,2024-04-07T15:18:59.000,39.142250924,-84.496446233,93.48333,0.13333334,0.13333334,0.13333334,19.0
461,A03 sun,2024-04-07T15:19:59.000,39.142250924,-84.496446233,93.23333,0.0,0.0,0.0,19.0
462,A03 sun,2024-04-07T15:20:59.000,39.142235873,-84.49660435,93.15,0.0,0.0,0.0,19.0
463,A03 sun,2024-04-07T15:21:59.000,39.142235873,-84.49660435,93.0,0.0,0.0,0.0,19.0
464,A03 sun,2024-04-07T15:22:59.000,39.142235873,-84.49660435,93.0,0.0,0.0,0.0,19.0
465,A03 sun,2024-04-07T15:23:59.000,39.142235873,-84.49660435,93.0,0.0,0.0,0.0,19.0
466,A03 sun,2024-04-07T15:24:59.000,39.142235873,-84.49660435,93.0,0.0,0.0,0.0,18.95
467,A03 sun,2024-04-07T15:25:59.000,39.142235873,-84.49660435,93.0,0.0,0.0,0.0,19.0
468,A03 sun,2024-04-07T15:26:59.000,39.142223918,-84.496433345,93.0,0.0,0.0,0.0,19.0
469,A03 sun,2024-04-07T15:27:59.000,39.142223918,-84.496433345,93.0,0.0,0.0,0.0,19.0
470,A03 sun,2024-04-07T15:28:59.000,39.142223918,-84.496433345,93.0,0.0,0.0,0.0,19.0
471,A03 sun,2024-04-07T15:29:59.000,39.142223918,-84.496433345,92.98333,0.0,0.0,0.0,19.0
472,A03 sun,2024-04-07T15:30:59.000,39.142223918,-84.496433345,92.55,0.0,0.0,0.0,19.0
473,A03 sun,2024-04-07T15:31:59.000,39.142223918,-84.496433345,92.1,0.033333335,0.033333335,0.033333335,19.0
474,A03 sun,2024-04-07T15:32:59.000,39.142223918,-84.496433345,92.0,0.0,0.0,0.0,19.0
475,A03 sun,2024-04-07T15:33:59.000,39.142223918,-84.496433345,92.0,0.0,0.0,0.0,19.0
476,A03 sun,2024-04-07T15:34:59.000,39.142223918,-84.496433345,92.0,0.0,0.0,0.0,19.0
477,A03 sun,2024-04-07T15:35:59.000,39.142223918,-84.496433345,92.0,0.0,0.0,0.0,19.0
478,A03 sun,2024-04-07T15:36:59.000,39.142223918,-84.496433345,92.0,0.0,0.0,0.0,19.0
479,A03 sun,2024-04-07T15:37:59.000,39.142223918,-84.496433345,92.0,0.0,0.0,0.0,19.0
480,A03 sun,2024-04-07T15:38:59.000,39.142223918,-84.496433345,92.0,0.0,0.0,0.0,19.0
481,A03 sun,2024-04-07T15:39:59.000,39.142223918,-84.496433345,92.0,0.0,0.0,0.0,19.0
482,A03 sun,2024-04-07T15:40:59.000,39.142223918,-84.496433345,92.0,0.0,0.0,0.0,19.0
483,A03 sun,2024-04-07T15:41:59.000,39.142223918,-84.496433345,92.0,0.0,0.0,0.0,19.0
484,A03 sun,2024-04-07T15:42:59.000,39.142285575,-84.496565896,92.0,0.0,0.0,0.0,19.0
485,A03 sun,2024-04-07T15:43:59.000,39.142285575,-84.496565896,92.0,0.0,0.0,0.0,19.0
486,A03 sun,2024-04-07T15:44:59.000,39.142285575,-84.496565896,92.0,0.0,0.0,0.0,19.0
487,A03 sun,2024-04-07T15:45:59.000,39.142285575,-84.496565896,92.0,0.0,0.0,0.0,19.0
488,A03 sun,2024-04-07T15:46:59.000,39.142285575,-84.496565896,92.0,0.0,0.0,0.0,19.0
489,A03 sun,2024-04-07T15:47:59.000,39.142285575,-84.496565896,92.0,0.0,0.0,0.0,19.0
490,A03 sun,2024-04-07T15:48:59.000,39.142285575,-84.496565896,92.0,0.0,0.0,0.0,19.0
491,A03 sun,2024-04-07T15:49:59.000,39.142320861,-84.496517415,92.0,0.1,0.1,0.1,19.066668
492,A03 sun,2024-04-07T15:50:59.000,39.142386219,-84.496461073,92.0,0.18333334,0.18333334,0.18333334,19.483334
493,A03 sun,2024-04-07T15:51:59.000,39.142386219,-84.496461073,92.0,0.0,0.0,0.0,19.383333
494,A03 sun,2024-04-07T15:52:59.000,39.142271072,-84.496449552,92.0,0.0,0.0,0.0,19.0
495,A03 sun,2024-04-07T15:53:59.000,39.142271072,-84.496449552,92.0,0.0,0.0,0.0,19.0
496,A03 sun,2024-04-07T15:54:59.000,39.142271072,-84.496449552,92.0,0.0,0.0,0.0,19.0
497,A03 sun,2024-04-07T15:55:59.000,39.142271072,-84.496449552,92.0,0.0,0.0,0.0,19.0
498,A03 sun,2024-04-07T15:56:59.000,39.142272178,-84.496467432,92.0,0.26666668,0.28333333,0.26666668,19.0
499,A03 sun,2024-04-07T15:57:59.000,39.142272178,-84.496467432,92.0,0.0,0.0,0.0,19.0
500,A03 sun,2024-04-07T15:58:59.000,39.142272178,-84.496467432,92.0,0.0,0.0,0.0,19.0
501,A03 sun,2024-04-07T15:59:59.000,39.142272178,-84.496467432,92.0,0.0,0.0,0.0,19.75
502,A03 sun,2024-04-07T16:00:59.000,39.142272178,-84.496467432,92.0,0.0,0.0,0.0,19.683332
503,A03 sun,2024-04-07T16:01:59.000,39.142270789,-84.496504625,92.0,0.0,0.0,0.0,19.283333
504,A03 sun,2024-04-07T16:02:59.000,39.142270789,-84.496504625,92.0,0.0,0.0,0.0,19.15
505,A03 sun,2024-04-07T16:03:59.000,39.142270789,-84.496504625,92.0,0.033333335,0.033333335,0.033333335,19.0
506,A03 sun,2024-04-07T16:04:59.000,39.142270789,-84.496504625,92.0,0.0,0.0,0.0,19.3
507,A03 sun,2024-04-07T16:05:59.000,39.142270789,-84.496504625,92.0,0.0,0.0,0.0,19.933332
508,A03 sun,2024-04-07T16:06:59.000,39.142270789,-84.496504625,92.0,2.0166667,2.2833333,2.2,20.183332
509,A03 sun,2024-04-07T16:07:59.000,39.142270789,-84.496504625,92.0,1.45,1.45,1.45,20.0
510,A03 sun,2024-04-07T16:08:59.000,39.142270789,-84.496504625,92.2,1.05,1.05,1.05,20.0
511,A03 sun,2024-04-07T16:09:59.000,39.142270789,-84.496504625,92.78333,1.0833334,1.1833333,1.0833334,20.0
512,A03 sun,2024-04-07T16:10:59.000,39.142270789,-84.496504625,92.95,0.93333334,0.93333334,0.93333334,20.0
513,A03 sun,2024-04-07T16:11:59.000,39.142270789,-84.496504625,93.0,1.5166667,1.7166667,1.5166667,20.266666
514,A03 sun,2024-04-07T16:12:59.000,39.142270789,-84.496504625,93.0,1.4333333,1.4333333,1.4333333,20.0
515,A03 sun,2024-04-07T16:13:59.000,39.142270789,-84.496504625,93.0,1.3666667,1.4333333,1.3666667,20.0
516,A03 sun,2024-04-07T16:14:59.000,39.142270789,-84.496504625,92.95,0.95,0.95,0.95,20.0
517,A03 sun,2024-04-07T16:15:59.000,39.142270789,-84.496504625,93.0,1.7333333,1.7333333,1.7333333,20.0
518,A03 sun,2024-04-07T16:16:59.000,39.142328419,-84.496495813,93.0,2.05,2.2,2.05,20.0
519,A03 sun,2024-04-07T16:17:59.000,39.142328419,-84.496495813,93.0,2.95,3.6333334,3.15,20.0
520,A03 sun,2024-04-07T16:18:59.000,39.142328419,-84.496495813,92.933334,2.6333334,3.2833333,2.6333334,20.0
521,A03 sun,2024-04-07T16:19:59.000,39.142328419,-84.496495813,92.95,2.7666667,3.2833333,3.0333333,20.0
522,A03 sun,2024-04-07T16:20:59.000,39.142328419,-84.496495813,92.85,2.95,3.7833333,3.0333333,20.0
523,A03 sun,2024-04-07T16:21:59.000,39.142328419,-84.496495813,92.8,2.75,3.4833333,2.75,20.0
524,A03 sun,2024-04-07T16:22:59.000,39.142328419,-84.496495813,92.816666,3.8666666,4.6833334,4.5,20.0
525,A03 sun,2024-04-07T16:23:59.000,39.142328419,-84.496495813,92.71667,3.65,4.5833335,4.2166667,20.0
526,A03 sun,2024-04-07T16:24:59.000,39.142328419,-84.496495813,92.55,4.8,5.8,5.766667,20.0
527,A03 sun,2024-04-07T16:25:59.000,39.142328419,-84.496495813,92.63333,4.0833335,5.0666666,4.95,20.0
528,A03 sun,2024-04-07T16:26:59.000,39.142328419,-84.496495813,92.6,3.9666667,4.9666667,4.883333,20.0
529,A03 sun,2024-04-07T16:27:59.000,39.142328419,-84.496495813,92.71667,4.2166667,5.2,5.2,20.0
530,A03 sun,2024-04-07T16:28:59.000,39.142328419,-84.496495813,92.63333,4.2,5.1833334,5.0833335,20.0
531,A03 sun,2024-04-07T16:29:59.000,39.142328419,-84.496495813,92.73333,4.233333,5.2,5.1666665,20.0
532,A03 sun,2024-04-07T16:30:59.000,39.142328419,-84.496495813,92.683334,4.483333,5.4666667,5.4166665,20.0
533,A03 sun,2024-04-07T16:31:59.000,39.142328419,-84.496495813,92.65,4.116667,5.0666666,4.866667,20.0
534,A03 sun,2024-04-07T16:32:59.000,39.142328419,-84.496495813,92.566666,3.7,4.6,4.3166666,20.0
535,A03 sun,2024-04-07T16:33:59.000,39.142328419,-84.496495813,92.3,2.75,3.4333334,2.8166666,20.0
536,A03 sun,2024-04-07T16:34:59.000,39.142328419,-84.496495813,92.416664,4.25,5.1666665,4.95,20.15
537,A03 sun,2024-04-07T16:35:59.000,39.142328419,-84.496495813,92.2,3.5666666,4.4166665,4.0666666,20.0
538,A03 sun,2024-04-07T16:36:59.000,39.142328419,-84.496495813,92.15,3.1,3.7833333,3.5,20.0
539,A03 sun,2024-04-07T16:37:59.000,39.142328419,-84.496495813,92.01667,3.7666667,4.6833334,4.35,20.0
540,A03 sun,2024-04-07T16:38:59.000,39.142328419,-84.496495813,92.066666,2.45,2.9166667,2.4666667,20.0
541,A03 sun,2024-04-07T16:39:59.000,39.142328419,-84.496495813,92.0375,3.4125,4.2625,3.95,20.0
542,A03 sun,2024-04-07T16:40:59.000,39.142328419,-84.496495813,92.03333,3.3333333,4.266667,3.7333333,20.0
543,A03 sun,2024-04-07T16:41:59.000,39.142328419,-84.496495813,92.0,3.7833333,4.733333,4.5833335,20.0
544,A03 sun,2024-04-07T16:42:59.000,39.142328419,-84.496495813,92.05,2.9833333,3.7166667,3.1666667,20.0
545,A03 sun,2024-04-07T16:43:59.000,39.142328419,-84.496495813,92.01667,3.2,4.133333,3.4333334,20.0
546,A03 sun,2024-04-07T16:44:59.000,39.142328419,-84.496495813,92.03333,3.2666667,4.1,3.6,20.0
547,A03 sun,2024-04-07T16:45:59.000,39.142328419,-84.496495813,92.03333,2.6,3.1333334,2.7166667,20.0
548,A03 sun,2024-04-07T16:46:59.000,39.142328419,-84.496495813,92.03333,3.3,4.0833335,3.65,20.0
549,A03 sun,2024-04-07T16:47:59.000,39.142328419,-84.496495813,92.0,2.4833333,2.9666667,2.4833333,20.0
550,A03 sun,2024-04-07T16:48:59.000,39.142328419,-84.496495813,92.0,2.7,3.3666666,2.7,19.883333
551,A03 sun,2024-04-07T16:49:59.000,39.142328419,-84.496495813,92.0,3.25,4.133333,3.5833333,20.0
552,A03 sun,2024-04-07T16:50:59.000,39.142328419,-84.496495813,92.0,2.4333334,2.85,2.4333334,20.0
553,A03 sun,2024-04-07T16:51:59.000,39.142328419,-84.496495813,92.0,2.2,2.5833333,2.2,20.0
554,A03 sun,2024-04-07T16:52:59.000,39.142328419,-84.496495813,92.0,1.8333334,1.8833333,1.8333334,19.3
555,A03 sun,2024-04-07T16:53:59.000,39.142328419,-84.496495813,92.0,2.0333333,2.3,2.0333333,19.916666
556,A03 sun,2024-04-07T16:54:59.000,39.142328419,-84.496495813,92.0,2.0877192,2.4385965,2.0877192,19.473684
557,A03 sun,2024-04-07T16:55:59.000,39.142328419,-84.496495813,92.0,2.0833333,2.2333333,2.0833333,20.0
558,A03 sun,2024-04-07T16:56:59.000,39.142328419,-84.496495813,92.0,1.7833333,1.7833333,1.7833333,19.75
559,A03 sun,2024-04-07T16:57:59.000,39.142328419,-84.496495813,92.0,2.0166667,2.2333333,2.0166667,19.1
560,A03 sun,2024-04-07T16:58:59.000,39.142328419,-84.496495813,92.0,2.0666666,2.1333334,2.0666666,19.0
561,A03 sun,2024-04-07T16:59:59.000,39.142328419,-84.496495813,92.0,1.9,1.9,1.9,19.0
562,A03 sun,2024-04-07T17:00:59.000,39.142328419,-84.496495813,92.0,1.9666667,1.9666667,1.9666667,19.0
563,A03 sun,2024-04-07T17:01:59.000,39.142328419,-84.496495813,92.0,1.55,1.55,1.55,19.05
564,A03 sun,2024-04-07T17:02:59.000,39.142328419,-84.496495813,92.0,2.3666666,2.8,2.3666666,19.016666
565,A03 sun,2024-04-07T17:03:59.000,39.142328419,-84.496495813,92.0,2.15,2.3833334,2.15,19.333334
566,A03 sun,2024-04-07T17:04:59.000,39.142328419,-84.496495813,92.0,1.65,1.65,1.65,19.683332
567,A03 sun,2024-04-07T17:05:59.000,39.142328419,-84.496495813,92.0,1.7333333,1.8333334,1.7333333,20.0
568,A03 sun,2024-04-07T17:06:59.000,39.142328419,-84.496495813,92.0,1.8333334,1.8333334,1.8333334,20.0
569,A03 sun,2024-04-07T17:07:59.000,39.142328419,-84.496495813,92.0,1.7666667,1.7666667,1.7666667,20.0
570,A03 sun,2024-04-07T17:08:59.000,39.142328419,-84.496495813,92.0,2.3793104,2.7931035,2.3793104,20.0
571,A03 sun,2024-04-07T17:09:59.000,39.142328419,-84.496495813,92.0,1.5166667,1.7333333,1.5166667,20.0
572,A03 sun,2024-04-07T17:10:59.000,39.142328419,-84.496495813,92.0,1.7166667,1.7166667,1.7166667,20.0
573,A03 sun,2024-04-07T17:11:59.000,39.142328419,-84.496495813,92.0,1.75,1.85,1.75,20.0
574,A03 sun,2024-04-07T17:12:59.000,39.142328419,-84.496495813,92.0,1.8333334,1.8333334,1.8333334,20.0
575,A03 sun,2024-04-07T17:13:59.000,39.142328419,-84.496495813,92.0,1.45,1.45,1.45,20.0
576,A03 sun,2024-04-07T17:14:59.000,39.142328419,-84.496495813,92.0,1.0833334,1.0833334,1.0833334,20.0
577,A03 sun,2024-04-07T17:15:59.000,39.142328419,-84.496495813,92.0,1.5333333,1.5333333,1.5333333,20.0
578,A03 sun,2024-04-07T17:16:59.000,39.142328419,-84.496495813,92.0,1.15,1.3166667,1.15,20.0
579,A03 sun,2024-04-07T17:17:59.000,39.142328419,-84.496495813,92.0,0.3,0.3,0.3,20.0
580,A03 sun,2024-04-07T17:18:59.000,39.142328419,-84.496495813,92.0,0.75,0.75,0.75,20.0
581,A03 sun,2024-04-07T17:19:59.000,39.142328419,-84.496495813,92.0,0.8333333,0.8333333,0.8333333,20.0
582,A03 sun,2024-04-07T17:20:59.000,39.142328419,-84.496495813,92.0,1.45,1.45,1.45,20.0
583,A03 sun,2024-04-07T17:21:59.000,39.142328419,-84.496495813,92.0,1.3666667,1.3666667,1.3666667,20.0
584,A03 sun,2024-04-07T17:22:59.000,39.142199842,-84.496437924,92.0,0.9166667,0.9166667,0.9166667,20.0
585,A03 sun,2024-04-07T17:23:59.000,39.142199842,-84.496437924,92.0,1.15,1.15,1.15,20.0
586,A03 sun,2024-04-07T17:24:59.000,39.142334855,-84.496446124,92.0,1.3166667,1.3166667,1.3166667,20.0
587,A03 sun,2024-04-07T17:25:59.000,39.142334855,-84.496446124,91.96667,1.3833333,1.3833333,1.3833333,20.0
588,A03 sun,2024-04-07T17:26:59.000,39.142334855,-84.496446124,91.916664,0.95,0.95,0.95,20.0
589,A03 sun,2024-04-07T17:27:59.000,39.142334855,-84.496446124,91.78333,1.05,1.05,1.05,20.0
590,A03 sun,2024-04-07T17:28:59.000,39.142334855,-84.496446124,91.65,0.6666667,0.6666667,0.6666667,20.0
591,A03 sun,2024-04-07T17:29:59.000,39.142334855,-84.496446124,91.53333,0.98333335,0.98333335,0.98333335,20.0
592,A03 sun,2024-04-07T17:30:59.000,39.142334855,-84.496446124,91.23333,0.53333336,0.53333336,0.53333336,20.0
593,A03 sun,2024-04-07T17:31:59.000,39.142334855,-84.496446124,91.083336,0.6666667,0.6666667,0.6666667,20.0
594,A03 sun,2024-04-07T17:32:59.000,39.142334855,-84.496446124,91.0,0.43333334,0.43333334,0.43333334,20.0
595,A03 sun,2024-04-07T17:33:59.000,39.142334855,-84.496446124,91.0,1.0,1.0,1.0,20.0
596,A03 sun,2024-04-07T17:34:59.000,39.142334855,-84.496446124,91.0,0.93333334,0.93333334,0.93333334,20.0
597,A03 sun,2024-04-07T17:35:59.000,39.142334855,-84.496446124,91.0,0.53333336,0.53333336,0.53333336,20.0
598,A03 sun,2024-04-07T17:36:59.000,39.142334855,-84.496446124,91.0,0.38333333,0.38333333,0.38333333,20.216667
599,A03 sun,2024-04-07T17:37:59.000,39.142334855,-84.496446124,91.0,0.75,0.75,0.75,20.5
600,A03 sun,2024-04-07T17:38:59.000,39.142334855,-84.496446124,91.0,0.8333333,0.8333333,0.8333333,20.616667
601,A03 sun,2024-04-07T17:39:59.000,39.142334855,-84.496446124,91.0,0.8666667,0.8666667,0.8666667,21.0
602,A03 sun,2024-04-07T17:40:59.000,39.142334855,-84.496446124,91.0,1.0,1.0,1.0,20.966667
603,A03 sun,2024-04-07T17:41:59.000,39.142334855,-84.496446124,91.0,0.81666666,0.81666666,0.81666666,20.316668
604,A03 sun,2024-04-07T17:42:59.000,39.142334855,-84.496446124,91.0,0.41666666,0.41666666,0.41666666,20.95
605,A03 sun,2024-04-07T17:43:59.000,39.142334855,-84.496446124,91.0,0.8,0.8,0.8,20.966667
606,A03 sun,2024-04-07T17:44:59.000,39.142334855,-84.496446124,91.0,0.85,0.85,0.85,21.0
607,A03 sun,2024-04-07T17:45:59.000,39.142334855,-84.496446124,91.0,0.8333333,0.8333333,0.8333333,20.883333
608,A03 sun,2024-04-07T17:46:59.000,39.142334855,-84.496446124,91.0,0.26666668,0.26666668,0.26666668,21.0
609,A03 sun,2024-04-07T17:47:59.000,39.142334855,-84.496446124,91.0,0.28333333,0.28333333,0.28333333,21.0
610,A03 sun,2024-04-07T17:48:59.000,39.142334855,-84.496446124,91.0,0.76666665,0.76666665,0.76666665,21.0
611,A03 sun,2024-04-07T17:49:59.000,39.142334855,-84.496446124,91.0,0.016666668,0.016666668,0.016666668,21.0
612,A03 sun,2024-04-07T17:50:59.000,39.142334855,-84.496446124,91.0,0.43333334,0.43333334,0.43333334,21.0
613,A03 sun,2024-04-07T17:51:59.000,39.142334855,-84.496446124,91.0,0.8833333,0.8833333,0.8833333,21.0
614,A03 sun,2024-04-07T17:52:59.000,39.142334855,-84.496446124,91.0,0.28333333,0.28333333,0.28333333,21.0
615,A03 sun,2024-04-07T17:53:59.000,39.142334855,-84.496446124,91.0,0.46666667,0.46666667,0.46666667,21.0
616,A03 sun,2024-04-07T17:54:59.000,39.142334855,-84.496446124,91.0,0.6166667,0.6166667,0.6166667,21.0
617,A03 sun,2024-04-07T17:55:59.000,39.142334855,-84.496446124,91.0,0.7,0.7,0.7,21.0
618,A03 sun,2024-04-07T17:56:59.000,39.142334855,-84.496446124,91.0,0.48333332,0.48333332,0.48333332,21.0
619,A03 sun,2024-04-07T17:57:59.000,39.142334855,-84.496446124,91.0,0.51666665,0.51666665,0.51666665,21.0
620,A03 sun,2024-04-07T17:58:59.000,39.142334855,-84.496446124,90.98333,0.21666667,0.21666667,0.21666667,21.0
621,A03 sun,2024-04-07T17:59:59.000,39.142334855,-84.496446124,90.9,0.46666667,0.46666667,0.46666667,21.0
622,A03 sun,2024-04-07T18:00:59.000,39.142334855,-84.496446124,90.666664,0.23333333,0.23333333,0.23333333,21.0
623,A03 sun,2024-04-07T18:01:59.000,39.142334855,-84.496446124,90.35,0.6,0.6,0.6,21.0
624,A03 sun,2024-04-07T18:02:59.000,39.142334855,-84.496446124,90.2,0.15,0.15,0.15,21.0
625,A03 sun,2024-04-07T18:03:59.000,39.142334855,-84.496446124,90.15,0.0,0.0,0.0,21.0
626,A03 sun,2024-04-07T18:04:59.000,39.142334855,-84.496446124,90.0,0.0,0.0,0.0,21.0
627,A03 sun,2024-04-07T18:05:59.000,39.142334855,-84.496446124,90.0,0.0,0.0,0.0,21.0
628,A03 sun,2024-04-07T18:06:59.000,39.142334855,-84.496446124,90.0,0.16666667,0.16666667,0.16666667,21.0
629,A03 sun,2024-04-07T18:07:59.000,39.142334855,-84.496446124,90.0,0.0,0.0,0.0,21.0
630,A03 sun,2024-04-07T18:08:59.000,39.142334855,-84.496446124,90.0,0.033333335,0.033333335,0.033333335,21.0
631,A03 sun,2024-04-07T18:09:59.000,39.142334855,-84.496446124,90.0,0.06666667,0.06666667,0.06666667,21.0
632,A03 sun,2024-04-07T18:10:59.000,39.142238668,-84.49655468,90.0,0.4,0.4,0.4,21.0
633,A03 sun,2024-04-07T18:11:59.000,39.142238668,-84.49655468,90.0,0.06666667,0.06666667,0.06666667,21.0
634,A03 sun,2024-04-07T18:12:59.000,39.142238668,-84.49655468,90.0,0.0,0.0,0.0,21.0
635,A03 sun,2024-04-07T18:13:59.000,39.142238668,-84.49655468,90.0,0.23333333,0.23333333,0.23333333,21.0
636,A03 sun,2024-04-07T18:14:59.000,39.142238668,-84.49655468,90.0,0.0,0.0,0.0,21.0
637,A03 sun,2024-04-07T18:15:59.000,39.142238668,-84.49655468,90.0,0.0,0.0,0.0,21.0
638,A03 sun,2024-04-07T18:16:59.000,39.142238668,-84.49655468,90.0,0.033333335,0.033333335,0.033333335,21.0
639,A03 sun,2024-04-07T18:17:59.000,39.142238668,-84.49655468,90.0,0.2,0.2,0.2,21.0
640,A03 sun,2024-04-07T18:18:59.000,39.142238668,-84.49655468,90.0,0.0,0.0,0.0,21.0
641,A03 sun,2024-04-07T18:19:59.000,39.142238668,-84.49655468,90.0,0.0,0.0,0.0,21.0
642,A03 sun,2024-04-07T18:20:59.000,39.142238668,-84.49655468,90.0,0.0,0.0,0.0,21.0
643,A03 sun,2024-04-07T18:21:59.000,39.142238668,-84.49655468,90.0,0.0,0.0,0.0,21.0
644,A03 sun,2024-04-07T18:22:59.000,39.142323405,-84.496444243,90.0,0.0,0.0,0.0,21.0
645,A03 sun,2024-04-07T18:23:59.000,39.142323405,-84.496444243,90.0,0.0,0.0,0.0,21.0
646,A03 sun,2024-04-07T18:24:59.000,39.142323405,-84.496444243,90.0,0.0,0.0,0.0,21.0
647,A03 sun,2024-04-07T18:25:59.000,39.142323405,-84.496444243,90.0,0.0,0.0,0.0,21.0
648,A03 sun,2024-04-07T18:26:59.000,39.142323405,-84.496444243,90.0,0.0,0.0,0.0,21.0
649,A03 sun,2024-04-07T18:27:59.000,39.142323405,-84.496444243,90.0,0.033333335,0.033333335,0.033333335,21.0
650,A03 sun,2024-04-07T18:28:59.000,39.142323405,-84.496444243,90.0,0.0,0.0,0.0,21.0
651,A03 sun,2024-04-07T18:29:59.000,39.142323405,-84.496444243,90.0,0.0,0.0,0.0,21.0
652,A03 sun,2024-04-07T18:30:59.000,39.142323405,-84.496444243,90.0,0.0,0.0,0.0,21.0
653,A03 sun,2024-04-07T18:31:59.000,39.142323405,-84.496444243,90.0,0.0,0.0,0.0,21.0
654,A03 sun,2024-04-07T18:32:59.000,39.142323405,-84.496444243,90.0,0.0,0.0,0.0,21.0
655,A03 sun,2024-04-07T18:33:59.000,39.142323405,-84.496444243,90.0,0.0,0.0,0.0,21.0
656,A03 sun,2024-04-07T18:34:59.000,39.142323405,-84.496444243,90.0,0.0,0.0,0.0,21.0
657,A03 sun,2024-04-07T18:35:59.000,39.142323405,-84.496444243,90.0,0.0,0.0,0.0,21.0
658,A03 sun,2024-04-07T18:36:59.000,39.142323405,-84.496444243,90.0,0.0,0.0,0.0,21.0
659,A03 sun,2024-04-07T18:37:59.000,39.142323405,-84.496444243,90.0,0.0,0.0,0.0,21.0
660,A03 sun,2024-04-07T18:38:59.000,39.142323405,-84.496444243,90.0,0.0,0.0,0.0,21.0
661,A03 sun,2024-04-07T18:39:59.000,39.142323405,-84.496444243,90.0,0.0,0.0,0.0,21.0
662,A03 sun,2024-04-07T18:40:59.000,39.142323405,-84.496444243,90.0,0.0,0.0,0.0,21.0
663,A03 sun,2024-04-07T18:41:59.000,39.142323405,-84.496444243,89.98333,0.0,0.0,0.0,21.0
664,A03 sun,2024-04-07T18:42:59.000,39.142323405,-84.496444243,89.98333,0.0,0.0,0.0,21.0
665,A03 sun,2024-04-07T18:43:59.000,39.142323405,-84.496444243,89.933334,0.0,0.0,0.0,21.0
666,A03 sun,2024-04-07T18:44:59.000,39.142323405,-84.496444243,89.65,0.0,0.0,0.0,21.0
667,A03 sun,2024-04-07T18:45:59.000,39.142323405,-84.496444243,89.350876,0.0,0.0,0.0,21.0
668,A03 sun,2024-04-07T18:46:59.000,39.142323405,-84.496444243,89.26667,0.11666667,0.11666667,0.11666667,21.0
669,A03 sun,2024-04-07T18:47:59.000,39.142323405,-84.496444243,89.15,0.0,0.0,0.0,21.0
670,A03 sun,2024-04-07T18:48:59.000,39.142323405,-84.496444243,89.066666,0.0,0.0,0.0,21.0
671,A03 sun,2024-04-07T18:49:59.000,39.142323405,-84.496444243,89.0,0.0,0.0,0.0,21.0
672,A03 sun,2024-04-07T18:50:59.000,39.142323405,-84.496444243,89.0,0.0,0.0,0.0,21.0
673,A03 sun,2024-04-07T18:51:59.000,39.142323405,-84.496444243,89.0,0.0,0.0,0.0,21.0
674,A03 sun,2024-04-07T18:52:59.000,39.142323405,-84.496444243,89.0,0.0,0.0,0.0,21.0
675,A03 sun,2024-04-07T18:53:59.000,39.142323405,-84.496444243,89.0,0.0,0.0,0.0,21.0
676,A03 sun,2024-04-07T18:54:59.000,39.14226977,-84.496500761,89.0,0.0,0.0,0.0,21.0
677,A03 sun,2024-04-07T18:55:59.000,39.14226977,-84.496500761,89.0,0.0,0.0,0.0,21.116667
678,A03 sun,2024-04-07T18:56:59.000,39.14229782,-84.496492766,89.0,0.45,0.45,0.45,22.483334
679,A03 sun,2024-04-07T18:57:59.000,39.14229782,-84.496492766,89.0,0.033898305,0.033898305,0.033898305,22.457626
680,A03 sun,2024-04-07T18:58:59.000,39.14229782,-84.496492766,89.0,0.0,0.0,0.0,23.0
681,A03 sun,2024-04-07T18:59:59.000,39.14229782,-84.496492766,89.0,0.0,0.0,0.0,23.0
682,A03 sun,2024-04-07T19:00:59.000,39.14227945,-84.496498879,89.0,0.0,0.0,0.0,22.6
683,A03 sun,2024-04-07T19:01:59.000,39.14227945,-84.496498879,89.0,0.11666667,0.11666667,0.11666667,23.65
684,A03 sun,2024-04-07T19:02:59.000,39.14227945,-84.496498879,89.0,0.0,0.0,0.0,23.883333
685,A03 sun,2024-04-07T19:03:59.000,39.14227945,-84.496498879,89.0,0.0,0.0,0.0,24.133333
686,A03 sun,2024-04-07T19:04:59.000,39.14227945,-84.496498879,89.0,0.0,0.0,0.0,24.15
687,A03 sun,2024-04-07T19:05:59.000,39.14227945,-84.496498879,89.0,0.0,0.0,0.0,23.666666
688,A03 sun,2024-04-07T19:06:59.000,39.14227945,-84.496498879,89.0,0.0,0.0,0.0,23.0
689,A03 sun,2024-04-07T19:07:59.000,39.14227945,-84.496498879,89.0,0.0,0.0,0.0,23.0
690,A03 sun,2024-04-07T19:08:59.000,39.14227945,-84.496498879,88.96667,0.0,0.0,0.0,23.0
691,A03 sun,2024-04-07T19:09:59.000,39.14227945,-84.496498879,88.95,0.0,0.0,0.0,23.0
692,A03 sun,2024-04-07T19:10:59.000,39.14227945,-84.496498879,88.7,0.16666667,0.16666667,0.16666667,23.0
693,A03 sun,2024-04-07T19:11:59.000,39.14227945,-84.496498879,88.416664,0.0,0.0,0.0,23.0
694,A03 sun,2024-04-07T19:12:59.000,39.14227945,-84.496498879,88.35,0.0,0.0,0.0,23.0
695,A03 sun,2024-04-07T19:13:59.000,39.14227945,-84.496498879,88.0,0.0,0.0,0.0,23.0
696,A03 sun,2024-04-07T19:14:59.000,39.14227945,-84.496498879,88.0,0.0,0.0,0.0,23.0
697,A03 sun,2024-04-07T19:15:59.000,39.14227945,-84.496498879,88.0,0.0,0.0,0.0,23.0
698,A03 sun,2024-04-07T19:16:59.000,39.14227945,-84.496498879,88.0,0.0,0.0,0.0,23.0
699,A03 sun,2024-04-07T19:17:59.000,39.14227945,-84.496498879,88.0,0.0,0.0,0.0,23.0
700,A03 sun,2024-04-07T19:18:59.000,39.14227945,-84.496498879,88.0,0.0,0.0,0.0,23.0
701,A03 sun,2024-04-07T19:19:59.000,39.14227945,-84.496498879,88.0,0.15,0.15,0.15,23.0
702,A03 sun,2024-04-07T19:20:59.000,39.14227945,-84.496498879,88.0,0.16666667,0.16666667,0.16666667,23.0
703,A03 sun,2024-04-07T19:21:59.000,39.14227945,-84.496498879,88.0,0.0,0.0,0.0,23.2
704,A03 sun,2024-04-07T19:22:59.000,39.14227945,-84.496498879,88.0,0.0,0.0,0.0,23.316668
705,A03 sun,2024-04-07T19:23:59.000,39.14227945,-84.496498879,88.0,0.0,0.0,0.0,23.0
706,A03 sun,2024-04-07T19:24:59.000,39.14227945,-84.496498879,88.0,0.0,0.0,0.0,23.0
707,A03 sun,2024-04-07T19:25:59.000,39.14227945,-84.496498879,88.0,0.0,0.0,0.0,23.0
708,A03 sun,2024-04-07T19:26:59.000,39.14227945,-84.496498879,88.0,0.0,0.0,0.0,23.0
709,A03 sun,2024-04-07T19:27:59.000,39.14227945,-84.496498879,88.0,0.0,0.0,0.0,23.0
710,A03 sun,2024-04-07T19:28:59.000,39.14227945,-84.496498879,88.0,0.0,0.0,0.0,23.0
711,A03 sun,2024-04-07T19:29:59.000,39.14227945,-84.496498879,88.0,0.0,0.0,0.0,22.9
712,A03 sun,2024-04-07T19:30:59.000,39.14227945,-84.496498879,88.0,0.0,0.0,0.0,23.0
713,A03 sun,2024-04-07T19:31:59.000,39.14227945,-84.496498879,88.0,0.0,0.0,0.0,23.0
714,A03 sun,2024-04-07T19:32:59.000,39.14227945,-84.496498879,88.0,0.0,0.0,0.0,23.0
715,A03 sun,2024-04-07T19:33:59.000,39.14227945,-84.496498879,88.0,0.0,0.0,0.0,23.0
716,A03 sun,2024-04-07T19:34:59.000,39.14227945,-84.496498879,88.0,0.0,0.0,0.0,23.0
717,A03 sun,2024-04-07T19:35:59.000,39.14227945,-84.496498879,88.0,0.033333335,0.033333335,0.033333335,23.0
718,A03 sun,2024-04-07T19:36:59.000,39.14227945,-84.496498879,88.0,0.033333335,0.033333335,0.033333335,23.0
719,A03 sun,2024-04-07T19:37:59.000,39.14227945,-84.496498879,88.0,0.0,0.0,0.0,23.0
720,A03 sun,2024-04-07T19:38:59.000,39.14227945,-84.496498879,88.0,0.0,0.0,0.0,22.583334
721,A03 sun,2024-04-07T19:39:59.000,39.14227945,-84.496498879,88.0,0.016666668,0.016666668,0.016666668,22.166666
722,A03 sun,2024-04-07T19:40:59.000,39.14227945,-84.496498879,88.0,0.18333334,0.18333334,0.18333334,22.3
723,A03 sun,2024-04-07T19:41:59.000,39.14227945,-84.496498879,88.0,0.0,0.0,0.0,22.666666
724,A03 sun,2024-04-07T19:42:59.000,39.14227945,-84.496498879,88.0,0.083333336,0.083333336,0.083333336,22.55
725,A03 sun,2024-04-07T19:43:59.000,39.14227945,-84.496498879,88.0,0.13559322,0.13559322,0.13559322,22.779661
726,A03 sun,2024-04-07T19:44:59.000,39.14227945,-84.496498879,88.0,0.14754099,0.14754099,0.14754099,22.918034
727,A03 sun,2024-04-07T19:45:59.000,39.14227945,-84.496498879,88.0,0.03508772,0.03508772,0.03508772,22.175438
728,A03 sun,2024-04-07T19:46:59.000,39.14227945,-84.496498879,88.0,0.06896552,0.06896552,0.06896552,22.741379
729,A03 sun,2024-04-07T19:47:59.000,39.14227945,-84.496498879,88.0,0.0,0.0,0.0,22.633333
730,A03 sun,2024-04-07T19:48:59.000,39.14227945,-84.496498879,88.0,0.016666668,0.016666668,0.016666668,22.15
731,A03 sun,2024-04-07T19:49:59.000,39.14227945,-84.496498879,88.0,0.11666667,0.11666667,0.11666667,22.133333
732,A03 sun,2024-04-07T19:50:59.000,39.14227945,-84.496498879,88.0,0.31666666,0.31666666,0.31666666,22.916666
733,A03 sun,2024-04-07T19:51:59.000,39.14227945,-84.496498879,88.0,0.21666667,0.21666667,0.21666667,22.433332
734,A03 sun,2024-04-07T19:52:59.000,39.14227945,-84.496498879,88.0,0.083333336,0.083333336,0.083333336,22.116667
735,A03 sun,2024-04-07T19:53:59.000,39.14227945,-84.496498879,88.0,0.083333336,0.083333336,0.083333336,22.35
736,A03 sun,2024-04-07T19:54:59.000,39.14227945,-84.496498879,88.0,0.0,0.0,0.0,22.066668
737,A03 sun,2024-04-07T19:55:59.000,39.142158484,-84.496404607,88.0,0.1,0.1,0.1,22.0
738,A03 sun,2024-04-07T19:56:59.000,39.142158484,-84.496404607,88.0,0.11666667,0.11666667,0.11666667,22.0
739,A03 sun,2024-04-07T19:57:59.000,39.142251039,-84.496530459,88.0,0.55,0.55,0.55,22.0
740,A03 sun,2024-04-07T19:58:59.000,39.142251039,-84.496530459,88.0,0.05172414,0.05172414,0.05172414,22.0
741,A03 sun,2024-04-07T19:59:59.000,39.142251039,-84.496530459,88.0,0.36666667,0.36666667,0.36666667,22.0
742,A03 sun,2024-04-07T20:00:59.000,39.142251039,-84.496530459,88.0,0.36666667,0.36666667,0.36666667,22.0
743,A03 sun,2024-04-07T20:01:59.000,39.142251039,-84.496530459,88.0,0.18333334,0.18333334,0.18333334,22.0
744,A03 sun,2024-04-07T20:02:59.000,39.142251039,-84.496530459,88.0,0.6,0.6,0.6,22.0
745,A03 sun,2024-04-07T20:03:59.000,39.142251039,-84.496530459,88.0,0.45,0.45,0.45,22.0
746,A03 sun,2024-04-07T20:04:59.000,39.142251039,-84.496530459,88.0,0.3,0.3,0.3,22.0
747,A03 sun,2024-04-07T20:05:59.000,39.142251039,-84.496530459,88.0,0.5,0.5,0.5,22.0
748,A03 sun,2024-04-07T20:06:59.000,39.142251039,-84.496530459,88.0,0.45,0.45,0.45,22.0
749,A03 sun,2024-04-07T20:07:59.000,39.142251039,-84.496530459,88.0,0.31666666,0.31666666,0.31666666,22.0
750,A03 sun,2024-04-07T20:08:59.000,39.142251039,-84.496530459,88.0,0.36666667,0.36666667,0.36666667,22.0
751,A03 sun,2024-04-07T20:09:59.000,39.142251039,-84.496530459,88.0,0.23333333,0.23333333,0.23333333,22.0
752,A03 sun,2024-04-07T20:10:59.000,39.142251039,-84.496530459,88.0,0.31666666,0.31666666,0.31666666,22.0
753,A03 sun,2024-04-07T20:11:59.000,39.142251039,-84.496530459,88.0,0.56666666,0.56666666,0.56666666,22.0
754,A03 sun,2024-04-07T20:12:59.000,39.142251039,-84.496530459,88.0,0.75,0.75,0.75,22.0
755,A03 sun,2024-04-07T20:13:59.000,39.142251039,-84.496530459,88.0,0.38333333,0.38333333,0.38333333,22.0
756,A03 sun,2024-04-07T20:14:59.000,39.142311855,-84.496504707,88.0,0.51666665,0.51666665,0.51666665,22.0
757,A03 sun,2024-04-07T20:15:00.000,39.142313514,-84.496506311,88.0,0.0,0.0,0.0,23.0
758,A03 sun,2024-04-07T20:15:02.000,39.142319331,-84.496505994,88.0,,,,
759,A03 sun,2024-04-07T20:15:02.000,39.142315209,-84.496506525,88.0,,,,
760,A03 sun,2024-04-07T20:15:02.000,39.142319331,-84.496505994,,0.0,,,
761,A03 sun,2024-04-07T20:15:02.000,39.142315209,-84.496506525,,0.0,,,
762,A03 sun,2024-04-07T20:15:02.000,39.142319331,-84.496505994,,,0.0,,
763,A03 sun,2024-04-07T20:15:02.000,39.142315209,-84.496506525,,,0.0,0.0,
764,A03 sun,2024-04-07T20:15:02.000,39.142319331,-84.496505994,,,,0.0,
765,A03 sun,2024-04-07T20:15:02.000,39.142315209,-84.496506525,,,,,23.0
766,A03 sun,2024-04-07T20:15:02.000,39.142319331,-84.496505994,,,,,23.0
767,A03 sun,2024-04-07T20:15:04.000,39.142323879,-84.496513091,,0.0,0.0,0.0,23.0
